date,port_net
2015-11-30,-0.005086134885869218
2015-12-01,-0.009432837418972983
2015-12-02,-0.011663524944313518
2015-12-03,-0.008254520941685562
2015-12-04,-0.018044250033442216
2015-12-07,-0.00994242388334457
2015-12-08,-0.01606443617143279
2015-12-09,-0.013803903240502622
2015-12-10,-0.01644340048582579
2015-12-11,0.0022259475042506437
2015-12-14,0.017056291239833692
2015-12-15,0.014679695776664854
2015-12-16,0.00369780757375137
2015-12-17,0.00040579931803013736
2015-12-18,0.017509395492353808
2015-12-21,0.02612312325752227
2015-12-22,0.025227214994945787
2015-12-23,0.0055915416608691695
2015-12-24,-0.004735907513652549
2015-12-28,-0.0031189214668957406
2015-12-29,0.013174176324345532
2015-12-30,0.00890448800014136
2015-12-31,-0.003934859551028577
2016-01-04,-0.02643925867754741
2016-01-05,-0.043452050323069695
2016-01-06,-0.048825697770334284
2016-01-07,-0.03865996475550845
2016-01-08,-0.022772401748120976
2016-01-11,-0.009673673082614681
2016-01-12,-0.02037261934742638
2016-01-13,-0.021378439246844228
2016-01-14,-0.034003518075956626
2016-01-15,-0.023537639504090407
2016-01-19,-0.01018538400234946
2016-01-20,0.006906515689511843
2016-01-21,0.013346166996972258
2016-01-22,0.00832847208948497
2016-01-25,0.01127211250407365
2016-01-26,0.006590576213357877
2016-01-27,0.021627216426863098
2016-01-28,0.018241694438066985
2016-01-29,0.019386719067739193
2016-02-01,0.006122136053073454
2016-02-02,-0.000403380566968497
2016-02-03,-0.022660257765252028
2016-02-04,-0.0332044735635041
2016-02-05,-0.03289682294779193
2016-02-08,-0.009867017150033913
2016-02-09,0.006033909808099807
2016-02-10,0.02321229468090075
2016-02-11,0.04824890024608458
2016-02-12,0.050325255993769684
2016-02-16,0.03874651351194129
2016-02-17,-0.004134869702532845
2016-02-18,-0.015309084871756739
2016-02-19,-0.0063153595890459106
2016-02-22,0.01168857861102579
2016-02-23,0.01880405357504502
2016-02-24,0.012225621466610865
2016-02-25,0.02945574054539935
2016-02-26,0.03157087932625478
2016-02-29,0.03550320120523359
2016-03-01,0.020323904017726286
2016-03-02,0.01228123631154351
2016-03-03,0.0062883462851566155
2016-03-04,0.00019962792020347707
2016-03-07,-0.0016753328442191046
2016-03-08,0.00842218682160547
2016-03-09,0.01806779343568872
2016-03-10,0.022502808698687482
2016-03-11,0.004338209032908549
2016-03-14,-0.008923680960993191
2016-03-15,-0.008393453876396758
2016-03-16,0.0021984057272001483
2016-03-17,0.012838537295279728
2016-03-18,0.010817908471839277
2016-03-21,0.004139568328439278
2016-03-22,-0.001226590689998465
2016-03-23,0.002341648708959371
2016-03-24,0.010568269061987148
2016-03-28,0.01557312885191205
2016-03-29,0.011883578244036398
2016-03-30,0.004541145784250725
2016-03-31,-0.0014455809452908717
2016-04-01,-0.00407480823369673
2016-04-04,-0.005158789261726902
2016-04-05,-0.003325376122406742
2016-04-06,-0.004951058814940936
2016-04-07,0.0001343548736279746
2016-04-08,0.006492842600850489
2016-04-11,0.016416561502004642
2016-04-12,0.018098298090140352
2016-04-13,0.00923939053514014
2016-04-14,0.004313161856423823
2016-04-15,-0.0038833745825684655
2016-04-18,0.0015146552093408556
2016-04-19,0.007504390291120001
2016-04-20,0.008222465474911199
2016-04-21,0.007308386219394275
2016-04-22,-0.0014120695768907125
2016-04-25,-0.0023582379728690653
2016-04-26,-0.014217493496356088
2016-04-27,-0.014366368604701222
2016-04-28,-0.012658222179177087
2016-04-29,-0.006188359569419694
2016-05-02,-0.00971614278320773
2016-05-03,-0.011394929481517217
2016-05-04,-0.01171989555746156
2016-05-05,-0.004228302223182618
2016-05-06,-1.1676936621287759e-05
2016-05-09,0.0035068072567183643
2016-05-10,-0.003179636579527456
2016-05-11,-0.005452885746336139
2016-05-12,-0.00494252541332878
2016-05-13,0.0018116043785791477
2016-05-16,0.0025494725667304144
2016-05-17,0.0010952656198502438
2016-05-18,-0.0016959512969373684
2016-05-19,0.006338253987980382
2016-05-20,0.008146807934599813
2016-05-23,0.011518438148033707
2016-05-24,0.002505082995590699
2016-05-25,0.0017668285203450299
2016-05-26,-0.0026412048273459993
2016-05-27,0.0010117597836721932
2016-05-31,0.0014646384850061259
2016-06-01,0.00365395000412337
2016-06-02,0.0065295845788915985
2016-06-03,0.008236161503083574
2016-06-06,0.007372616514020193
2016-06-07,0.0025454480844353733
2016-06-08,-0.010598107849525206
2016-06-09,-0.023264104008727263
2016-06-10,-0.028035921143490173
2016-06-13,-0.01958165161984191
2016-06-14,-0.004358218816800669
2016-06-15,0.004818003660565819
2016-06-16,0.009902387773477683
2016-06-17,0.008152914848708122
2016-06-20,0.005320397063166308
2016-06-21,0.003175930222093734
2016-06-22,-0.01107917443358096
2016-06-23,0.0009794367428019308
2016-06-24,0.0013490028449538883
2016-06-27,0.03237942427881214
2016-06-28,0.03384719414283226
2016-06-29,0.017337434267721774
2016-06-30,-0.011925557814546262
2016-07-01,-0.03802894295505059
2016-07-05,-0.011112132787376784
2016-07-06,0.010884666946088209
2016-07-07,0.025700814408258863
2016-07-08,0.008906165133118397
2016-07-11,0.0006106642721649053
2016-07-12,-0.001437389412560485
2016-07-13,0.000810418039214491
2016-07-14,-0.0006743038824702942
2016-07-15,0.0016707454578692594
2016-07-18,0.0013072331886664914
2016-07-19,0.002331865807167131
2016-07-20,-0.001933578919107201
2016-07-21,0.00015509292113163018
2016-07-22,-0.0029085417315640114
2016-07-25,-0.0006346090759507694
2016-07-26,-0.0012549620543102526
2016-07-27,8.42143825388245e-05
2016-07-28,-0.005488072982808357
2016-07-29,-0.006445423217008935
2016-08-01,-0.009202099542832454
2016-08-02,0.003656357711492323
2016-08-03,0.0072385484084581935
2016-08-04,0.011009833440552626
2016-08-05,0.0012720362876670094
2016-08-08,0.00032942675051747967
2016-08-09,0.00012711592893648342
2016-08-10,0.003633968213378897
2016-08-11,0.003115221980873086
2016-08-12,0.004711529464140371
2016-08-15,0.002323381927320873
2016-08-16,0.0036200927206042023
2016-08-17,0.002655342167548043
2016-08-18,0.006412917906758902
2016-08-19,0.005772650766869895
2016-08-22,0.0022206267514702544
2016-08-23,-0.005490731549430019
2016-08-24,-0.005632955422070841
2016-08-25,-0.00576984130982476
2016-08-26,-0.0031746956473032058
2016-08-29,-0.008132273781587769
2016-08-30,-0.006989559714368904
2016-08-31,-0.0018545052792797467
2016-09-01,0.00508436609907556
2016-09-02,0.004851023285016804
2016-09-06,-0.0034336965396658736
2016-09-07,-0.009732678673459675
2016-09-08,-0.016151884593735382
2016-09-09,-0.010264304345898359
2016-09-12,-0.012998546456788732
2016-09-13,-0.0063930072260841185
2016-09-14,-0.00815847318870854
2016-09-15,-0.007408738474849976
2016-09-16,-0.002789389892838827
2016-09-19,0.0012062842224908725
2016-09-20,0.010716906962784305
2016-09-21,0.009557964441638457
2016-09-22,0.007232991580996554
2016-09-23,0.0042679102419332995
2016-09-26,0.001576122339274044
2016-09-27,0.0033130480822971355
2016-09-28,-0.004324726835372803
2016-09-29,-0.007167459966088759
2016-09-30,-0.017049006981110608
2016-10-03,-0.016329157013334875
2016-10-04,-0.015120728184167999
2016-10-05,-0.007895472612599324
2016-10-06,-0.004998115960116051
2016-10-07,-0.004823768289520705
2016-10-10,-0.008425604541953948
2016-10-11,-0.008215827453010869
2016-10-12,-0.010767706801750826
2016-10-13,-0.00648224544256692
2016-10-14,0.00024787444299036816
2016-10-17,0.01070431415431804
2016-10-18,0.008861850136199393
2016-10-19,0.0031972561173360652
2016-10-20,-0.002656992831043173
2016-10-21,-0.002905491925354428
2016-10-24,-0.0037833281733622706
2016-10-25,-0.007953931808631031
2016-10-26,-0.010592679755881549
2016-10-27,-0.008601937065842674
2016-10-28,-0.010168694442391466
2016-10-31,-0.011630636779757793
2016-11-01,-0.014886409410015573
2016-11-02,-0.0022292150468394586
2016-11-03,0.013391464135784471
2016-11-04,0.02904141721859321
2016-11-07,0.013709314981918548
2016-11-08,0.0007638431215091368
2016-11-09,-0.014181531292487528
2016-11-10,-0.00360048083404406
2016-11-11,0.00456944566607224
2016-11-14,0.017904309355002302
2016-11-15,0.019872918286764896
2016-11-16,0.012374930926449567
2016-11-17,0.0006779067304755081
2016-11-18,-0.00260656791590595
2016-11-21,0.0015962572020598311
2016-11-22,0.0036751067829055247
2016-11-23,0.007401921108272258
2016-11-25,0.007571290323021368
2016-11-28,0.010295873311663878
2016-11-29,0.0076420678660040955
2016-11-30,0.003324616367846595
2016-12-01,0.009478561537184604
2016-12-02,0.018187512221669828
2016-12-05,0.02186094329397614
2016-12-06,0.01814789809900059
2016-12-07,0.008945944276153701
2016-12-08,0.010409796853655404
2016-12-09,0.0002724004875659553
2016-12-12,-0.0016823401285833883
2016-12-13,-0.008495924982578666
2016-12-14,-0.0011087978654639235
2016-12-15,0.00025561845123840774
2016-12-16,0.004992469661989617
2016-12-19,0.001781213580155795
2016-12-20,0.0014767147391463737
2016-12-21,0.0011459100238858536
2016-12-22,0.0025231649435384215
2016-12-23,-0.0012437435922326573
2016-12-27,-0.0044559081836753455
2016-12-28,-0.0034979476845153
2016-12-29,0.008176008197389067
2016-12-30,0.01660397205965523
2017-01-03,0.018908174093647635
2017-01-04,0.008521265868025082
2017-01-05,0.0030559477855009324
2017-01-06,-0.002541680828733312
2017-01-09,-4.292607084875708e-05
2017-01-10,-8.013037300821625e-05
2017-01-11,0.0018143561633337706
2017-01-12,-0.0004917995339426193
2017-01-13,-0.004015317510267172
2017-01-17,-0.003922676165174366
2017-01-18,-0.0025333939208843355
2017-01-19,0.006197461444302561
2017-01-20,0.009420450247980139
2017-01-23,0.010321847133233511
2017-01-24,0.006043670107221444
2017-01-25,0.0024472306461356588
2017-01-26,0.0029928591628992727
2017-01-27,-0.00260349565166044
2017-01-30,-0.001818933374072094
2017-01-31,0.00027061817837329707
2017-02-01,0.005187533422873767
2017-02-02,0.005416592272788238
2017-02-03,0.0021895001582840625
2017-02-06,0.005289672687865784
2017-02-07,0.009495939917745182
2017-02-08,0.014934255121707929
2017-02-09,0.01473302797796741
2017-02-10,0.011250549146670582
2017-02-13,0.0019470442539771234
2017-02-14,-0.0006048955576699339
2017-02-15,-0.0001414036703672537
2017-02-16,0.003446393951945151
2017-02-17,0.003675509014749864
2017-02-21,0.00047045511940179286
2017-02-22,-0.00180584437717087
2017-02-23,-0.0048467338239871075
2017-02-24,0.004997574282677213
2017-02-27,0.00572601626676659
2017-02-28,0.007665838651317982
2017-03-01,-0.007675260555333863
2017-03-02,-0.01678101651935763
2017-03-03,-0.024076711906144382
2017-03-06,-0.02192048736385198
2017-03-07,-0.01153548350220612
2017-03-08,-0.0027853400808130124
2017-03-09,0.0027032464278180014
2017-03-10,0.0025696044278716145
2017-03-13,0.0015160306517114466
2017-03-14,0.004002628783780747
2017-03-15,0.0002142330161120881
2017-03-16,-0.013944270681177286
2017-03-17,-0.026603376522704596
2017-03-20,-0.03065782860957558
2017-03-21,-0.014801334889332189
2017-03-22,-0.006396579667092271
2017-03-23,0.0026313746699339682
2017-03-24,0.0037974314443159317
2017-03-27,0.00971012743123004
2017-03-28,0.009769354784447164
2017-03-29,0.005650102694763743
2017-03-30,0.000650162438661505
2017-03-31,-0.0011321257998875194
2017-04-03,-0.0012368844250564806
2017-04-04,-0.0018308893304273088
2017-04-05,-0.00048805398155502927
2017-04-06,-0.00042667422420378915
2017-04-07,-0.0006958256720994112
2017-04-10,-0.005727346064382236
2017-04-11,-0.006169388191737192
2017-04-12,-0.0056950352765547324
2017-04-13,0.0015709543016503764
2017-04-17,-0.007924426813641581
2017-04-18,-0.010072663657005656
2017-04-19,-0.008553779464343235
2017-04-20,0.00600948612441168
2017-04-21,0.012659528101967877
2017-04-24,0.008548814062077878
2017-04-25,0.0032227988237843908
2017-04-26,-0.0030045101224359812
2017-04-27,-0.007393603141554404
2017-04-28,-0.007913560442942696
2017-05-01,-0.008397555352147755
2017-05-02,-0.0025972197704405833
2017-05-03,0.00021307628274824081
2017-05-04,0.0057596167624456435
2017-05-05,0.0012015009789977105
2017-05-08,-0.0014862084144771934
2017-05-09,-0.007182220229408679
2017-05-10,-0.007330978876952634
2017-05-11,-0.008226682129977254
2017-05-12,-0.012321030601263907
2017-05-15,-0.013159452704474507
2017-05-16,-0.011592145096479184
2017-05-17,-0.0012954944854766577
2017-05-18,0.00687174121925294
2017-05-19,0.00984992577360196
2017-05-22,0.01630393723371217
2017-05-23,0.012361510119716134
2017-05-24,0.014512169967076296
2017-05-25,0.005234720819208712
2017-05-26,0.004661823394579914
2017-05-30,0.0017784318919498248
2017-05-31,0.0057978142105033015
2017-06-01,0.014978006977862033
2017-06-02,0.014477367888890728
2017-06-05,0.008265439831212704
2017-06-06,0.002706183623538598
2017-06-07,0.006315182370069547
2017-06-08,0.011879433856460415
2017-06-09,0.007046343943642757
2017-06-12,0.0032189940970806016
2017-06-13,-0.003983501559922119
2017-06-14,-0.0033001057447218443
2017-06-15,-0.005556934420375302
2017-06-16,-0.00048501789841808485
2017-06-19,-0.00013415224779324107
2017-06-20,0.00728495435362454
2017-06-21,0.007828178767986088
2017-06-22,0.007045113028691222
2017-06-23,0.003956482090201534
2017-06-26,-0.0012422377095909756
2017-06-27,-0.003024525662584243
2017-06-28,-0.0074872211711192165
2017-06-29,-0.006698192101552842
2017-06-30,-0.00632022442921661
2017-07-03,0.00015395588725538006
2017-07-05,-3.396304182769411e-05
2017-07-06,0.0011923861710009032
2017-07-07,-0.0019795871271622817
2017-07-10,0.003649140722098025
2017-07-11,0.007735030253595824
2017-07-12,0.006234240060496692
2017-07-13,-0.005035516813431914
2017-07-14,-0.011964978727628015
2017-07-17,-0.010808218437692684
2017-07-18,-0.005446459480556243
2017-07-19,-0.006041905676888331
2017-07-20,-0.006502546866783256
2017-07-21,-0.00227035679367333
2017-07-24,0.004894573935026995
2017-07-25,0.0037183449100422756
2017-07-26,-0.0002018635063613272
2017-07-27,-0.003223001582702306
2017-07-28,-0.00465172852827981
2017-07-31,-0.003837540571468032
2017-08-01,-0.004946550563757224
2017-08-02,-0.002654566603694281
2017-08-03,-0.0003856009422373356
2017-08-04,-0.0014057327377745535
2017-08-07,-0.006687741933469705
2017-08-08,-0.010954023173684449
2017-08-09,-0.011792416482849687
2017-08-10,-0.0015112172653876832
2017-08-11,0.0055634773790196775
2017-08-14,-0.002890936553536071
2017-08-15,-0.010346325003328855
2017-08-16,-0.02106223458139969
2017-08-17,-0.007824417030766957
2017-08-18,-0.0038020981377317508
2017-08-21,0.004601260175410115
2017-08-22,0.0008921497812960492
2017-08-23,-0.0024737209967583404
2017-08-24,-0.004171190803215778
2017-08-25,0.00047366398435494644
2017-08-28,0.004388021029439802
2017-08-29,0.008614274935028997
2017-08-30,0.005498449011652678
2017-08-31,0.005163278201225532
2017-09-01,7.406725585095363e-05
2017-09-05,0.0007326632077735044
2017-09-06,0.004770407396445303
2017-09-07,0.013992870679864086
2017-09-08,0.0227721707480637
2017-09-11,0.016423102272127565
2017-09-12,0.0048596156166170815
2017-09-13,-0.00650749461774151
2017-09-14,-0.007284449725183186
2017-09-15,-0.006661399999913396
2017-09-18,-0.004606431026151099
2017-09-19,-0.0045381631268137206
2017-09-20,-0.0034254968999214807
2017-09-21,-0.003960339218622156
2017-09-22,-0.003541940783865617
2017-09-25,0.00236382407398583
2017-09-26,0.006813657705996976
2017-09-27,0.0059776605894970814
2017-09-28,0.003958203260321316
2017-09-29,0.0032366356070491764
2017-10-02,0.007486112079644178
2017-10-03,0.0043181504569104225
2017-10-04,-0.002474465855915547
2017-10-05,-0.007098043945573566
2017-10-06,-0.00798573264281012
2017-10-09,-0.003515616939122032
2017-10-10,-0.003311628496514502
2017-10-11,-0.004830709609901868
2017-10-12,-0.004822152115104378
2017-10-13,-0.001345925874040408
2017-10-16,0.004434861384738203
2017-10-17,0.007433182962151347
2017-10-18,0.005425637066274377
2017-10-19,0.0021246191693114515
2017-10-20,-0.004165791286292769
2017-10-23,-0.00553445444878067
2017-10-24,-0.006618449895061179
2017-10-25,-0.005304136731724137
2017-10-26,-0.0027992450368251594
2017-10-27,-0.00020504845035448986
2017-10-30,0.0039306718215317265
2017-10-31,0.005409279538902465
2017-11-01,0.005264293303418972
2017-11-02,0.004469820430665596
2017-11-03,0.0029756244947772635
2017-11-06,0.0051247894898417395
2017-11-07,0.002321810810711088
2017-11-08,6.093366422324216e-06
2017-11-09,-0.003294787212467544
2017-11-10,-0.0013545647030380708
2017-11-13,0.00011370138794520234
2017-11-14,0.0012485268264927154
2017-11-15,0.005233307136625916
2017-11-16,0.007603141071796419
2017-11-17,0.008572275656393144
2017-11-20,0.004611664716467808
2017-11-21,0.0033207345525022116
2017-11-22,0.0047878940924229495
2017-11-24,0.017843995192936894
2017-11-27,0.027871284841659242
2017-11-28,0.025962713546030195
2017-11-29,0.00572091806288424
2017-11-30,-0.012045867005844693
2017-12-01,-0.020352304514410103
2017-12-04,-0.009204148681098458
2017-12-05,0.0013534107115118553
2017-12-06,0.013895756697803923
2017-12-07,0.01047473147594663
2017-12-08,0.006874766340861396
2017-12-11,0.0007482559714682368
2017-12-12,0.0017578503845182862
2017-12-13,0.003977698580850456
2017-12-14,0.00843344862229808
2017-12-15,0.010038630089978878
2017-12-18,0.0053566025910119185
2017-12-19,-0.0008813838086532875
2017-12-20,-0.007089275728343924
2017-12-21,-0.0037561870048185963
2017-12-22,-0.001607908272759832
2017-12-26,9.372865218202947e-05
2017-12-27,0.003326872690842559
2017-12-28,0.006445422912608822
2017-12-29,0.019513663998032296
2018-01-02,0.017569995254705987
2018-01-03,0.016497519897827013
2018-01-04,0.004343312393558432
2018-01-05,-0.0016813303147059067
2018-01-08,-0.005830222169702403
2018-01-09,-0.00414273448156393
2018-01-10,0.00026920565692819707
2018-01-11,0.006932299379944506
2018-01-12,0.008517171482953143
2018-01-16,0.011345113671187816
2018-01-17,0.006556371016786522
2018-01-18,0.008885154474846195
2018-01-19,0.008706201547016615
2018-01-22,0.0114657281188514
2018-01-23,0.008147214039142838
2018-01-24,0.0031901477207802917
2018-01-25,-0.00228299922720068
2018-01-26,-0.010027494175717706
2018-01-29,-0.010946728052373757
2018-01-30,-0.016943134574919264
2018-01-31,-0.030973318640979533
2018-02-01,-0.0400165352806163
2018-02-02,-0.038603095691156344
2018-02-05,-0.024499859010948526
2018-02-06,-0.019931330899826048
2018-02-07,-0.015047774842408258
2018-02-08,-0.001502557745200384
2018-02-09,0.018038412243992
2018-02-12,0.03538837736834958
2018-02-13,0.04716125954711131
2018-02-14,0.03625917099354598
2018-02-15,0.027565747472173135
2018-02-16,0.005588955629367259
2018-02-20,0.005844842644264806
2018-02-21,0.00680333165917915
2018-02-22,0.013480980817560446
2018-02-23,0.013697996060197254
2018-02-26,0.022410974558331548
2018-02-27,0.014492002876668741
2018-02-28,0.015028977908848556
2018-03-01,0.004752015808869001
2018-03-02,0.011297480192482097
2018-03-05,0.003084285123675543
2018-03-06,-0.011748705275424692
2018-03-07,-0.00829749742526028
2018-03-08,0.0018151643263640467
2018-03-09,0.029278240259864488
2018-03-12,0.023705288721103186
2018-03-13,0.017908086275428284
2018-03-14,-0.0042582896114671176
2018-03-15,-0.008666040350012737
2018-03-16,-0.01422578629340008
2018-03-19,-0.020726572350943967
2018-03-20,-0.030845611416383912
2018-03-21,-0.02959222514637058
2018-03-22,-0.023973423164494825
2018-03-23,-0.007063611006775712
2018-03-26,-0.004187581925387918
2018-03-27,-0.0036970388007780282
2018-03-28,-0.004376968391892944
2018-03-29,0.00908903115509899
2018-04-02,0.02680215262145013
2018-04-03,0.024706389064365834
2018-04-04,0.01217529299246185
2018-04-05,0.008745844680165064
2018-04-06,0.015431751240488012
2018-04-09,0.023378004755758387
2018-04-10,0.012525362724395908
2018-04-11,0.00824009551544897
2018-04-12,0.003248499565707448
2018-04-13,0.005169959053406831
2018-04-16,0.002874076223525864
2018-04-17,0.004337061926851793
2018-04-18,0.002963208977409499
2018-04-19,-0.004988477250586775
2018-04-20,-0.01078063977079724
2018-04-23,-0.009872963096801279
2018-04-24,0.0005978161929472755
2018-04-25,0.005818871417656801
2018-04-26,0.001302491103213167
2018-04-27,-0.005052524278045354
2018-04-30,-0.01178682987750591
2018-05-01,-0.009099455631038091
2018-05-02,-0.001898048819379238
2018-05-03,0.007145379666409527
2018-05-04,0.01164351086572526
2018-05-07,0.006062433321582808
2018-05-08,0.00466402397435546
2018-05-09,0.00407858966497942
2018-05-10,0.010961202480372398
2018-05-11,0.009592237830386168
2018-05-14,0.006505322340180364
2018-05-15,-0.0002577264147475307
2018-05-16,-0.0024398412858346284
2018-05-17,-0.0020162894447361187
2018-05-18,0.003296814646385296
2018-05-21,0.005955037931994779
2018-05-22,0.006771767757242194
2018-05-23,-0.0017217366860816535
2018-05-24,-0.0053845498913068866
2018-05-25,-0.00961076720367801
2018-05-29,0.002164136296755756
2018-05-30,0.007080268181137342
2018-05-31,0.016053523181930898
2018-06-01,0.0075682577115318075
2018-06-04,0.0019410599553347785
2018-06-05,-0.0039328214368490755
2018-06-06,0.000127476334170987
2018-06-07,0.009755349348671559
2018-06-08,0.014345100518815141
2018-06-11,0.024927889700253062
2018-06-12,0.019459986436792844
2018-06-13,0.014348245849218308
2018-06-14,-0.00011431193726768997
2018-06-15,-0.004440224981042158
2018-06-18,-0.008702343204860212
2018-06-19,-0.010093585591539967
2018-06-20,-0.01517612317696748
2018-06-21,-0.013720514320513334
2018-06-22,-0.022422599727882592
2018-06-25,-0.01877928918137836
2018-06-26,-0.01880578898843333
2018-06-27,-0.003770877004291979
2018-06-28,-0.0003253611163653308
2018-06-29,0.004611451748552428
2018-07-02,0.006344104658024537
2018-07-03,0.017458891413082548
2018-07-05,0.019713865956125537
2018-07-06,0.012870488632295625
2018-07-09,0.005103777703309348
2018-07-10,-0.0025087328780501357
2018-07-11,0.002915363014881647
2018-07-12,0.005691290325927082
2018-07-13,0.013154265672807988
2018-07-16,0.011803727830248783
2018-07-17,0.004121359814943658
2018-07-18,-0.001175078478933219
2018-07-19,-0.001713027672674494
2018-07-20,0.0037444835455449146
2018-07-23,0.01001172683401801
2018-07-24,0.010917295632395504
2018-07-25,0.014882096411745649
2018-07-26,0.0070110468711619255
2018-07-27,0.0015074910217236577
2018-07-30,0.002551615832917807
2018-07-31,0.01083596745613012
2018-08-01,0.018214231825007334
2018-08-02,0.012260449172558526
2018-08-03,0.006144584312400304
2018-08-06,-0.0014419440248459518
2018-08-07,-0.00684960979905944
2018-08-08,-0.007142343221441281
2018-08-09,-0.0080269590165172
2018-08-10,-0.011503672653101987
2018-08-13,-0.0102334835617893
2018-08-14,-0.008335777787349053
2018-08-15,0.0008779210501783947
2018-08-16,0.006671096839898709
2018-08-17,0.017713613988817743
2018-08-20,0.021132389170463173
2018-08-21,0.026005870618900424
2018-08-22,0.025348912835499327
2018-08-23,0.021297476817035456
2018-08-24,0.011555171035748948
2018-08-27,-0.00035319734086167794
2018-08-28,-0.0036073416744583577
2018-08-29,-0.003951260847841821
2018-08-30,0.001364470681528411
2018-08-31,0.0011412470305422126
2018-09-04,-0.004709352892392087
2018-09-05,-0.00972701706364798
2018-09-06,-0.008078307242066237
2018-09-07,2.655644898243739e-05
2018-09-10,0.0051261965683003325
2018-09-11,0.004826987591885935
2018-09-12,0.005490020863672224
2018-09-13,0.004234824807259029
2018-09-14,0.0030721326694822994
2018-09-17,0.004660601805986713
2018-09-18,0.008391821223394024
2018-09-19,0.007579657828758851
2018-09-20,-0.002120013221839132
2018-09-21,-0.005968371593926595
2018-09-24,-0.008792696895210847
2018-09-25,-0.007059006227645933
2018-09-26,-0.00816552365331815
2018-09-27,-0.005141233824727193
2018-09-28,-0.0023139436297278594
2018-10-01,-0.0020876897729743228
2018-10-02,-0.00673342263623028
2018-10-03,-0.01095043582703861
2018-10-04,-0.017221661102557042
2018-10-05,-0.027262846392254653
2018-10-08,-0.04435538541406701
2018-10-09,-0.05012455350639131
2018-10-10,-0.033679257274263276
2018-10-11,0.0029148204144248692
2018-10-12,0.02155489548459421
2018-10-15,0.02271187393789923
2018-10-16,0.010995218532466216
2018-10-17,-0.0006693348063244551
2018-10-18,-0.01087272263812589
2018-10-19,-0.03308431600254027
2018-10-22,-0.037040293417735654
2018-10-23,-0.04096351400109854
2018-10-24,-0.02714523552932026
2018-10-25,-0.020445463204434355
2018-10-26,-0.001421441205987827
2018-10-29,0.0218878668905591
2018-10-30,0.04027764348543377
2018-10-31,0.0384448587647835
2018-11-01,0.02119024897968365
2018-11-02,0.015074499154380354
2018-11-05,0.009636127812759078
2018-11-06,0.014509313285310457
2018-11-07,0.005117782888428335
2018-11-08,-0.0018762705742566576
2018-11-09,-0.02052969345004375
2018-11-12,-0.019634167250220186
2018-11-13,-0.009674227735401813
2018-11-14,-0.0006489906198621311
2018-11-15,-0.008203195475768489
2018-11-16,-0.017316598861987192
2018-11-19,-0.018991053553695646
2018-11-20,-0.006705403112397296
2018-11-21,0.005521786645189707
2018-11-23,0.024242137458926172
2018-11-26,0.021213528310160275
2018-11-27,0.022154737406366247
2018-11-28,0.007600741383592778
2018-11-29,-0.004121229943393473
2018-11-30,-0.017286616935054164
2018-12-03,-0.010250710651218761
2018-12-04,-0.014198322017879003
2018-12-06,-0.018736112944011514
2018-12-07,-0.026531598498479175
2018-12-10,-0.016696318372312363
2018-12-11,-0.010790781578859423
2018-12-12,-0.02159418997035309
2018-12-13,-0.02928781131743526
2018-12-14,-0.03492978062244258
2018-12-17,-0.03458046789407342
2018-12-18,-0.039069767946574234
2018-12-19,-0.04722533996470266
2018-12-20,-0.03535113905890162
2018-12-21,-0.009272453846199227
2018-12-24,0.029582761347638434
2018-12-26,0.017081433928726696
2018-12-27,0.004317160009572088
2018-12-28,-0.01492288344268076
2018-12-31,0.005657827781106152
2019-01-02,0.011802091360346626
2019-01-03,0.032387996266959845
2019-01-04,0.04433176362886082
2019-01-07,0.032232657739578896
2019-01-08,0.006729874007298161
2019-01-09,-0.03734566106767548
2019-01-10,-0.06060313090459439
2019-01-11,-0.07521867435617449
2019-01-14,-0.04885618387075474
2019-01-15,-0.011585971400002285
2019-01-16,0.01083516556999306
2019-01-17,0.018966751395914822
2019-01-18,0.019493495229603263
2019-01-22,0.023269886204238113
2019-01-23,0.018704346018156567
2019-01-24,0.015153572232562671
2019-01-25,0.010274113487456936
2019-01-28,0.01280873208961731
2019-01-29,0.020553645789833715
2019-01-30,0.02553215315222604
2019-01-31,0.021858191209883006
2019-02-01,0.016621160549379874
2019-02-04,0.01267374548691121
2019-02-05,0.005282044167110245
2019-02-06,0.0029420451400661773
2019-02-07,0.006418383966935743
2019-02-08,0.017089150675233995
2019-02-11,0.02057513316364157
2019-02-12,0.019514491047392862
2019-02-13,0.014550287954075808
2019-02-14,0.015806228870828283
2019-02-15,0.01602886604665583
2019-02-19,0.01950079676793167
2019-02-20,0.013033144838968417
2019-02-21,0.013241551014973454
2019-02-22,0.005344395761838252
2019-02-25,0.0035231757049293266
2019-02-26,-0.0010775612366337645
2019-02-27,8.476514036531116e-05
2019-02-28,0.00109759112498454
2019-03-01,-0.0019749542643527247
2019-03-04,-0.007401988934027378
2019-03-05,-0.013748239724306046
2019-03-06,-0.010690467411935153
2019-03-07,-0.0005457978020297536
2019-03-08,0.01577331740880554
2019-03-11,0.011189540098899371
2019-03-12,0.0063195512717076005
2019-03-13,-0.005006126317824592
2019-03-14,0.002750224490159496
2019-03-15,0.0027448070440190563
2019-03-18,0.0056391708521898
2019-03-19,0.005402846371442898
2019-03-20,0.0010113664843002853
2019-03-21,-0.00937992343925854
2019-03-22,-0.013203747844244587
2019-03-25,-0.005889543320116889
2019-03-26,0.004226905265005082
2019-03-27,0.01534663341431735
2019-03-28,0.01735237510059216
2019-03-29,0.011658669733206272
2019-04-01,-0.0007939682571417264
2019-04-02,-0.002146350192590068
2019-04-03,0.007397300695734009
2019-04-04,0.011188545298419544
2019-04-05,0.009568859127240497
2019-04-08,0.005247853031610211
2019-04-09,0.008310005202200174
2019-04-10,0.006210000404559688
2019-04-11,0.004776548416047461
2019-04-12,-0.008549939693100403
2019-04-15,-0.010947848086474173
2019-04-16,-0.016322482219133884
2019-04-17,-0.00492678740140365
2019-04-18,0.0012258670353470433
2019-04-22,0.009931113358991208
2019-04-23,0.003545527561650427
2019-04-24,-0.0023443261655650208
2019-04-25,-0.004123926496576238
2019-04-26,-0.0044699250157194444
2019-04-29,-0.0052983311154028625
2019-04-30,-0.006770300551719282
2019-05-01,-0.001603470839406957
2019-05-02,-0.0016496809182871234
2019-05-03,0.0033001899143240985
2019-05-06,-0.006672668273429606
2019-05-07,-0.004180990613735746
2019-05-08,-0.019187264596482775
2019-05-09,-0.018392048853452563
2019-05-10,-0.025660792727502567
2019-05-13,-0.007916192819855186
2019-05-14,-0.0001897845875758201
2019-05-15,0.008135937547480133
2019-05-16,-0.0036046606207727552
2019-05-17,-0.012792814465910312
2019-05-20,-0.018960551568045377
2019-05-21,-0.01756909169967738
2019-05-22,-0.01597849928343592
2019-05-23,-0.014346568787210244
2019-05-24,-0.018349686344419653
2019-05-28,-0.018146747496819965
2019-05-29,-0.01602442272317788
2019-05-30,-0.003375672834136742
2019-05-31,0.012609755631960805
2019-06-03,0.023781184236012675
2019-06-04,0.01402914971049272
2019-06-05,0.002797395315361265
2019-06-06,-0.002382122889607607
2019-06-07,0.008848064815262098
2019-06-10,0.011627269840483899
2019-06-11,0.007931281682251668
2019-06-12,0.001961615307906914
2019-06-13,0.004882840981733249
2019-06-14,0.012906916060687584
2019-06-17,0.02075724386124607
2019-06-18,0.01722695518426145
2019-06-19,0.012471903895551239
2019-06-20,0.0032670139181736405
2019-06-21,-0.00417427649874053
2019-06-24,-0.009228584363110044
2019-06-25,-0.001285064585597369
2019-06-26,0.010860427017271447
2019-06-27,0.017129596595023354
2019-06-28,0.014696212385909969
2019-07-01,0.01471826693749902
2019-07-02,0.01281629821809927
2019-07-03,0.008287812984622242
2019-07-05,-0.0024842939207713076
2019-07-08,-0.006699246114481512
2019-07-09,-0.002768471451329447
2019-07-10,0.005153117726178954
2019-07-11,0.0060953228207254965
2019-07-12,0.0007702570310865769
2019-07-15,-0.004859740731599062
2019-07-16,-0.006187197068567408
2019-07-17,-0.005519989980860487
2019-07-18,-0.001240849473670153
2019-07-19,0.0043035774456838425
2019-07-22,0.009892142669139993
2019-07-23,0.0137360317714452
2019-07-24,0.010872014228439095
2019-07-25,0.007224292957083192
2019-07-26,0.0007085719892670599
2019-07-29,-0.005244605984184711
2019-07-30,-0.015606704802408743
2019-07-31,-0.03190049247303387
2019-08-01,-0.037383517844816
2019-08-02,-0.03661472972331354
2019-08-05,-0.004304449993038947
2019-08-06,0.006668872381569981
2019-08-07,0.009722281109333151
2019-08-08,-0.013144520409812618
2019-08-09,-0.028838873649955334
2019-08-12,-0.03597275642777281
2019-08-13,-0.033623524191650586
2019-08-14,-0.010835491376469336
2019-08-15,0.009456409860859884
2019-08-16,-0.003676313468078423
2019-08-19,-0.0042230729282724784
2019-08-20,-0.02211279600548883
2019-08-21,-0.01162379990802682
2019-08-22,-0.03245635316393726
2019-08-23,-0.01877274191668503
2019-08-26,-0.003048530269328472
2019-08-27,0.022199441850726413
2019-08-28,0.021307767318446948
2019-08-29,0.010670694565974168
2019-08-30,-0.005162135577695769
2019-09-03,0.0007415294714798746
2019-09-04,-0.008143607221838791
2019-09-05,-0.017213353093625035
2019-09-06,-0.028836371276785636
2019-09-09,-0.01856705849253462
2019-09-10,-0.005357140463322784
2019-09-11,-0.0020412554585063575
2019-09-12,0.005946667027992965
2019-09-13,0.009321210382971382
2019-09-16,0.010034829107479368
2019-09-17,0.0009583646458360291
2019-09-18,-0.005175960972064391
2019-09-19,-0.014870110089017095
2019-09-20,-0.011968839177120334
2019-09-23,-0.01429252616215816
2019-09-24,-0.007346762942198753
2019-09-25,-0.012428588303302063
2019-09-26,-0.01545859849186091
2019-09-27,-0.023758994662620964
2019-09-30,-0.028585786255924037
2019-10-01,-0.019864378004096975
2019-10-02,-0.005026919841079699
2019-10-03,0.0014024166368043112
2019-10-04,-0.0060639179361886356
2019-10-07,-0.015968283839187955
2019-10-08,0.002489656420888752
2019-10-09,0.018552787395016937
2019-10-10,0.02821901311833929
2019-10-11,0.012082584514612119
2019-10-14,0.0024508404787615574
2019-10-15,-0.00034289890177233997
2019-10-16,0.003978010835091697
2019-10-17,0.0045999606669680304
2019-10-18,0.0034781707613473823
2019-10-21,0.005348985636347265
2019-10-22,0.013887102521629746
2019-10-23,0.023166423037977606
2019-10-24,0.01863638690513454
2019-10-25,0.010742178984940532
2019-10-28,0.0054503535529138334
2019-10-29,0.007533714829871795
2019-10-30,0.016379773860176163
2019-10-31,0.02448048998211631
2019-11-01,0.023576674337737368
2019-11-04,0.013323076464428865
2019-11-05,-0.0004677574130259632
2019-11-06,0.0011833902803933738
2019-11-07,0.0041306333332668844
2019-11-08,0.007072655361792982
2019-11-11,0.005146298615909064
2019-11-12,0.005914927742098482
2019-11-13,0.0042229223897054
2019-11-14,0.0012656490029837521
2019-11-15,-0.006505099508259486
2019-11-18,-0.012482919545737926
2019-11-19,-0.010400811022993032
2019-11-20,0.004411056575266351
2019-11-21,0.017891266829084547
2019-11-22,0.02368525167909993
2019-11-25,0.017052596092794022
2019-11-26,0.009117356521178788
2019-11-27,0.005014301765043494
2019-11-29,0.000238709081278649
2019-12-02,-0.0004921369696854644
2019-12-03,0.00455593381293546
2019-12-04,0.008948133978087162
2019-12-05,0.01079994569380021
2019-12-06,0.0034673417090003897
2019-12-09,0.0020198270367822015
2019-12-10,0.0034760128372769705
2019-12-11,0.0057782907983143506
2019-12-12,0.00764325582986048
2019-12-13,0.0067421363823050775
2019-12-16,0.0056010049789437305
2019-12-17,0.0039687848510451115
2019-12-18,0.004517490652837386
2019-12-19,0.004486683041236891
2019-12-20,0.0047007514280261176
2019-12-23,0.0029046034095081127
2019-12-24,0.0118572981893004
2019-12-26,0.023252296418198034
2019-12-27,0.030362485190179284
2019-12-30,0.02189270123579794
2019-12-31,0.012229419386049758
2020-01-02,0.002059960664448918
2020-01-03,0.0004786300231663628
2020-01-06,-0.001302038735755996
2020-01-07,0.0013605371003486302
2020-01-08,-0.001048471299043988
2020-01-09,-5.8422020687595114e-05
2020-01-10,0.002414374254659156
2020-01-13,0.00441320763973223
2020-01-14,0.004595346470042202
2020-01-15,0.002439161748364435
2020-01-16,-0.0007707505803260937
2020-01-17,-0.01067482039397194
2020-01-21,-0.018896644268379812
2020-01-22,-0.02717896090678015
2020-01-23,-0.028903061195900682
2020-01-24,-0.02759231096729235
2020-01-27,-0.01477872766055255
2020-01-28,-0.015630078394844392
2020-01-29,-0.012980294205837285
2020-01-30,-0.013015813082364875
2020-01-31,0.01341772233868557
2020-02-03,0.028473038910225377
2020-02-04,0.030243846745409475
2020-02-05,0.012370783897747501
2020-02-06,0.0014939158534020658
2020-02-07,0.007202935300162123
2020-02-10,0.015029608612477872
2020-02-11,0.015456669132790665
2020-02-12,0.0072417670056045555
2020-02-13,0.0004330376968207831
2020-02-14,0.0033909945069375566
2020-02-18,0.0019810865838889823
2020-02-19,-0.004546260734244894
2020-02-20,-0.029587676463619858
2020-02-21,-0.05610565003494556
2020-02-24,-0.07987041507122276
2020-02-25,-0.07820912049954236
2020-02-26,-0.05518635849132704
2020-02-27,-0.023823024327133825
2020-02-28,0.014101882972761569
2020-03-02,0.002302898472279419
2020-03-03,-0.02022759004269197
2020-03-04,-0.11238119350510796
2020-03-05,-0.13841740731368568
2020-03-06,-0.17625071536228154
2020-03-09,-0.1494774415844308
2020-03-10,-0.14352286054397367
2020-03-11,-0.1421843194312447
2020-03-12,-0.09825563976867566
2020-03-13,-0.12030850168844881
2020-03-16,-0.06304020782101206
2020-03-17,-0.07481893243467466
2020-03-18,0.016780341601013028
2020-03-19,0.03746788517686634
2020-03-20,0.08792630810989228
2020-03-23,0.1239595472923297
2020-03-24,0.11933693548025064
2020-03-25,0.10102146011153758
2020-03-26,0.0346349241407069
2020-03-27,0.023395454374337453
2020-03-30,-0.03546109278235654
2020-03-31,-0.06294771304842821
2020-04-01,-0.0356599565874929
2020-04-02,0.04811402862625286
2020-04-03,0.14841813212897725
2020-04-06,0.12570566110563913
2020-04-07,0.07081615338486971
2020-04-08,-0.00963877827691014
2020-04-09,-0.033490486206290235
2020-04-13,-0.017863746637176298
2020-04-14,-0.013158331766885821
2020-04-15,0.01184493095312814
2020-04-16,0.01881891767574666
2020-04-17,0.023647543422506526
2020-04-20,0.015605550777275018
2020-04-21,0.020919660838912335
2020-04-22,0.03277377943162495
2020-04-23,0.05233440131407548
2020-04-24,0.05580839952177256
2020-04-27,0.04459157927288797
2020-04-28,0.024788599304072664
2020-04-29,0.007438704340445823
2020-04-30,0.003542627534101132
2020-05-01,0.002256662332142816
2020-05-04,0.003880667942697027
2020-05-05,0.015838514763898793
2020-05-06,0.026395138098384386
2020-05-07,0.021463821552826126
2020-05-08,0.014377006528533607
2020-05-11,0.0026159169214520677
2020-05-12,-0.0016976267643841734
2020-05-13,0.02003527712845282
2020-05-14,0.03889661235841192
2020-05-15,0.0668434880124007
2020-05-18,0.03313914618797004
2020-05-19,0.013060438055652119
2020-05-20,-0.012487163848449421
2020-05-21,-0.001030132088447825
2020-05-22,0.01255322689385895
2020-05-26,0.02665031720145362
2020-05-27,0.031492240456883404
2020-05-28,0.03296273384501843
2020-05-29,0.05301402723587635
2020-06-01,0.05170864103474027
2020-06-02,0.04655223235185795
2020-06-03,0.015906429807756174
2020-06-04,0.01366575830386479
2020-06-05,0.013679643584449687
2020-06-08,0.012817619791064973
2020-06-09,-0.0036466979006451947
2020-06-10,-0.020509100056308033
2020-06-11,-0.0027193143874550203
2020-06-12,0.015872323674534197
2020-06-15,0.029511075458849324
2020-06-16,0.00028818087360838016
2020-06-17,-0.005009216111864549
2020-06-18,-0.009807522042058753
2020-06-19,-0.0067836396987503815
2020-06-22,-0.019534428827570866
2020-06-23,-0.031236995481832064
2020-06-24,-0.020694563074881465
2020-06-25,-0.008879568470903819
2020-06-26,0.017892713787623166
2020-06-29,0.024496540543240755
2020-06-30,0.013303908800358916
2020-07-01,-0.005179899762241309
2020-07-02,-0.020001461922968648
2020-07-06,-0.01397245690964056
2020-07-07,-0.005029259630418649
2020-07-08,0.003193529192616819
2020-07-09,0.021373513721872846
2020-07-10,0.030638498584406197
2020-07-13,0.03218597978921501
2020-07-14,0.015400435449822818
2020-07-15,0.01173912954776467
2020-07-16,0.018471084495528062
2020-07-17,0.02731697282007735
2020-07-20,0.029941186776032455
2020-07-21,0.01672943187213352
2020-07-22,0.0021941634655007333
2020-07-23,-0.009815001873649011
2020-07-24,0.0023033977823933216
2020-07-27,0.00964104026510005
2020-07-28,0.01011138976620621
2020-07-29,-0.0008594164048536687
2020-07-30,0.0019353463413955062
2020-07-31,0.009633379122999067
2020-08-03,0.01824144829442284
2020-08-04,0.022253092317450603
2020-08-05,0.01697671173297545
2020-08-06,0.010264407447178086
2020-08-07,-0.002942975933631316
2020-08-10,-0.0030624209740880842
2020-08-11,0.006382766381511535
2020-08-12,0.01842422415072058
2020-08-13,0.011437020110409781
2020-08-14,-0.001267620437967306
2020-08-17,-0.014921000945913419
2020-08-18,-0.017116731086930268
2020-08-19,-0.013357147122288604
2020-08-20,-0.001383109965588926
2020-08-21,0.009838030242939283
2020-08-24,0.006276087262424112
2020-08-25,0.003538702486678664
2020-08-26,0.0015683821173635066
2020-08-27,0.005728964157886752
2020-08-28,0.008306387322781805
2020-08-31,0.0060976693500449
2020-09-01,0.00491652146974763
2020-09-02,-0.011643348074873945
2020-09-03,-0.020945132329262598
2020-09-04,-0.030974080808179566
2020-09-08,-0.022335164119853704
2020-09-09,-0.015872241974484978
2020-09-10,0.002637517931918786
2020-09-11,0.01931007067597236
2020-09-14,0.021277561246195145
2020-09-15,0.01229366813976121
2020-09-16,-0.00669740112041373
2020-09-17,-0.008223459959871395
2020-09-18,-0.012515411682213337
2020-09-21,-0.01028437651688031
2020-09-22,-0.01288736841679924
2020-09-23,0.005783701333603449
2020-09-24,0.01638385048021225
2020-09-25,0.022111804940425056
2020-09-28,-0.00964385005460376
2020-09-29,-0.016285900032966063
2020-09-30,-0.015211043969859565
2020-10-01,0.009590832968117928
2020-10-02,0.012019667797129497
2020-10-05,0.011694526877163661
2020-10-06,0.019243137650358545
2020-10-07,0.02411823656725118
2020-10-08,0.007071941723875817
2020-10-09,-0.009451654128522561
2020-10-12,-0.014784305664513697
2020-10-13,-0.003469885009021856
2020-10-14,-0.002128867985338109
2020-10-15,-0.007620656091038973
2020-10-16,-0.010733105145512074
2020-10-19,-0.006572638865544617
2020-10-20,-0.004170909668930712
2020-10-21,0.0001784100624459914
2020-10-22,-0.0036060632910987224
2020-10-23,-0.023628775380063798
2020-10-26,-0.029261911965981463
2020-10-27,-0.0370433174967513
2020-10-28,-0.008472460129597622
2020-10-29,0.011001826056003708
2020-10-30,0.035117483432676865
2020-11-02,0.054714543944669645
2020-11-03,0.047338882761690466
2020-11-04,0.02703504895150035
2020-11-05,0.010335682536711901
2020-11-06,0.0410251590878289
2020-11-09,0.05584715515530278
2020-11-10,0.05442999474842139
2020-11-11,0.017929807976381367
2020-11-12,0.01661759301624293
2020-11-13,-0.00014539145229228937
2020-11-16,0.009134162614641363
2020-11-17,-0.00317464952962718
2020-11-18,0.0018972633838773758
2020-11-19,-0.0032390620755450945
2020-11-20,0.007831879037187324
2020-11-23,0.01157755636319414
2020-11-24,0.0125205358036849
2020-11-25,0.006893445064810561
2020-11-27,0.005508517818467224
2020-11-30,0.009038688799474339
2020-12-01,0.01726572042849451
2020-12-02,0.0184054185079528
2020-12-03,0.014784763578472845
2020-12-04,0.005236833185614014
2020-12-07,-0.0003305818847299341
2020-12-08,-0.0043834226067458616
2020-12-09,-0.005721708249702264
2020-12-10,-0.0001533674659410117
2020-12-11,0.007042253826458952
2020-12-14,0.01437041648873984
2020-12-15,0.011439035506311783
2020-12-16,0.0028366945068656214
2020-12-17,-0.008903402330316524
2020-12-18,-0.008357959964746869
2020-12-21,-0.004703621354668555
2020-12-22,0.006168719408682143
2020-12-23,0.009716615009016643
2020-12-24,0.008745811298632732
2020-12-28,0.0029522929342046342
2020-12-29,-0.0014729634097171611
2020-12-30,-0.0008946648941935277
2020-12-31,0.008063068885736928
2021-01-04,0.020962281479059257
2021-01-05,0.024875102463968974
2021-01-06,0.02348690748128731
2021-01-07,0.009844089540534302
2021-01-08,0.006614120226956932
2021-01-11,0.001815512365000379
2021-01-12,0.004722959859542649
2021-01-13,0.005262256023306846
2021-01-14,0.004786897006183146
2021-01-15,0.010883139272810724
2021-01-19,0.006597610313439924
2021-01-20,-0.0007590271677965433
2021-01-21,-0.011992428433255427
2021-01-22,-0.01917892681807581
2021-01-25,-0.018218791249066564
2021-01-26,-0.021814474860436868
2021-01-27,-0.004766933864119131
2021-01-28,0.0017061691327065244
2021-01-29,0.024005143995338884
2021-02-01,0.022580585771693248
2021-02-02,0.015219527640037013
2021-02-03,0.007915278623310564
2021-02-04,0.0066868230810392905
2021-02-05,0.013671161804432163
2021-02-08,0.00529388222317906
2021-02-09,-0.002167291607176088
2021-02-10,-0.0058047259456228805
2021-02-11,-8.630331907380734e-06
2021-02-12,0.005949672796270377
2021-02-16,0.0067344711730922355
2021-02-17,-0.0012127890180668002
2021-02-18,-0.005447005093921411
2021-02-19,0.0016521517505417873
2021-02-22,-0.0033356485089482716
2021-02-23,-0.00937520309409034
2021-02-24,-0.017182473481176117
2021-02-25,-0.00332190138107241
2021-02-26,0.0031206416931893557
2021-03-01,-0.002978861243123356
2021-03-02,-0.013675777568568382
2021-03-03,-0.02232690899353538
2021-03-04,-0.0046889683048634495
2021-03-05,0.016314750269649736
2021-03-08,0.061442090433893856
2021-03-09,0.05777240879374413
2021-03-10,0.03600105862792945
2021-03-11,-0.000947693009673076
2021-03-12,-0.014816776290091722
2021-03-15,-0.015059086280271156
2021-03-16,-0.016609657303780053
2021-03-17,-0.01323227155899849
2021-03-18,-0.005201450548204915
2021-03-19,-0.005412887317207266
2021-03-22,-0.001668495688508622
2021-03-23,0.01139325119796446
2021-03-24,0.025830631903379343
2021-03-25,0.03272393800652092
2021-03-26,0.027463104854611436
2021-03-29,0.036386137991183974
2021-03-30,0.037559303987704795
2021-03-31,0.030739306429533167
2021-04-01,0.011012634769983555
2021-04-05,-0.002195399976668332
2021-04-06,-0.0037980443549639033
2021-04-07,-0.00507359128898295
2021-04-08,-0.003856276936899432
2021-04-09,-9.036387353117653e-05
2021-04-12,0.007562184322423552
2021-04-13,0.0131317870440515
2021-04-14,0.004858948269996825
2021-04-15,-0.0089119612022179
2021-04-16,-0.012638131917628437
2021-04-19,-0.01349431945758309
2021-04-20,0.001753010446430519
2021-04-21,0.002232507128772942
2021-04-22,0.014017745548221806
2021-04-23,0.006293639733043006
2021-04-26,0.010337671998183938
2021-04-27,0.006325586936070087
2021-04-28,0.007990701756618325
2021-04-29,0.0039060324401988065
2021-04-30,-0.00548749561871279
2021-05-03,-0.014449201038730928
2021-05-04,-0.009741445077486732
2021-05-05,-0.006913644780076413
2021-05-06,-0.001962278260512366
2021-05-07,-0.007827915849541013
2021-05-10,-0.01466116223859138
2021-05-11,-0.011135781059795511
2021-05-12,0.0014111961186613784
2021-05-13,0.02589398651253685
2021-05-14,0.025223605557954252
2021-05-17,0.013668962639035305
2021-05-18,0.0014353188406871294
2021-05-19,0.003702170964802362
2021-05-20,0.0033651311776202383
2021-05-21,0.019657408118925142
2021-05-24,0.011870433068595846
2021-05-25,0.015239003169116614
2021-05-26,-0.0032071817805035836
2021-05-27,0.003195544615779095
2021-05-28,0.0017891922706784699
2021-06-01,0.004831364177712625
2021-06-02,0.0026970994995329073
2021-06-03,0.004214116769488541
2021-06-04,-4.344777647122353e-06
2021-06-07,-0.003578939490760154
2021-06-08,-0.004937948955633577
2021-06-09,-0.004889906508951275
2021-06-10,-0.0028936002363552527
2021-06-11,-0.007629957810543209
2021-06-14,-0.014390313031775789
2021-06-15,-0.026451446862442562
2021-06-16,-0.02730417380912892
2021-06-17,-0.017127090382921643
2021-06-18,0.0028932869343194995
2021-06-21,0.014232072177432963
2021-06-22,0.01625273386104922
2021-06-23,0.01569947297823787
2021-06-24,0.006447095594700035
2021-06-25,0.006192148809982026
2021-06-28,0.005945465117948068
2021-06-29,0.011785467814223877
2021-06-30,0.012859256600413854
2021-07-01,0.0008171880239207027
2021-07-02,-0.010351394833149674
2021-07-06,-0.012858749892346434
2021-07-07,-0.0012319351590093794
2021-07-08,0.011656383756228744
2021-07-09,-0.009160703368505824
2021-07-12,-0.032759289385171184
2021-07-13,-0.0443488345615362
2021-07-14,-0.040305893620571034
2021-07-15,-0.02760480236887653
2021-07-16,-0.008067999755173784
2021-07-19,0.024824792141442124
2021-07-20,0.0385758239773565
2021-07-21,0.02955921308364721
2021-07-22,0.01750916596580247
2021-07-23,0.0079272078802305
2021-07-26,0.004166614078174137
2021-07-27,0.006157147721923917
2021-07-28,0.0068927227486334786
2021-07-29,0.0011842395542529028
2021-07-30,-0.010015315092788
2021-08-02,-0.0073336002202154405
2021-08-03,0.0004945014259078199
2021-08-04,0.010705068407644262
2021-08-05,0.009738793661944108
2021-08-06,0.005953030820209806
2021-08-09,0.00048225243740996466
2021-08-10,-0.0018432570394138926
2021-08-11,-0.0009481788260062499
2021-08-12,-0.004189768822896576
2021-08-13,-0.012691850605180225
2021-08-16,-0.028065435468518547
2021-08-17,-0.029982223575015343
2021-08-18,-0.014841153833862869
2021-08-19,0.017441082155574095
2021-08-20,0.036022648735015685
2021-08-23,0.027609963766689723
2021-08-24,0.009194690318261799
2021-08-25,-0.004984246843858559
2021-08-26,-0.0010461767551277349
2021-08-27,0.002335772969500889
2021-08-30,0.004593216973721194
2021-08-31,0.002152555689263851
2021-09-01,-0.0008820262091172916
2021-09-02,-0.00591819707151962
2021-09-03,-0.007794297274343654
2021-09-07,-0.00881694556025336
2021-09-08,-0.0031903843994232047
2021-09-09,-0.004387588213467515
2021-09-10,-0.00043678919684851306
2021-09-13,-0.002232338235583038
2021-09-14,0.0029909652782160482
2021-09-15,-0.004956306914265393
2021-09-16,-0.01239423881091694
2021-09-17,-0.01622421213769363
2021-09-20,-0.00423821184977303
2021-09-21,0.010622700303885986
2021-09-22,0.013802180175262772
2021-09-23,0.0048887594871299895
2021-09-24,-0.0010159820031676319
2021-09-27,-0.008465949675049171
2021-09-28,-0.006583989070453918
2021-09-29,-0.014589850201580507
2021-09-30,-0.005978276607431335
2021-10-01,-0.005033181052395241
2021-10-04,0.012124800330859047
2021-10-05,0.013670684373089062
2021-10-06,0.016088170427575575
2021-10-07,0.0014711656518005504
2021-10-08,-0.003570216421059549
2021-10-11,0.001767863684700539
2021-10-12,0.01415397701834443
2021-10-13,0.022696062534961047
2021-10-14,0.017213061214463244
2021-10-15,0.012162679069689175
2021-10-18,0.007499178486571754
2021-10-19,0.005243249007895821
2021-10-20,-3.83149389401238e-05
2021-10-21,-0.004017243213968668
2021-10-22,-0.007009525039370996
2021-10-25,-0.005868474469518543
2021-10-26,-0.002416670871221581
2021-10-27,0.008587148017829697
2021-10-28,0.009386231179161706
2021-10-29,0.012913518673388986
2021-11-01,0.006131259825410384
2021-11-02,0.009795771154643754
2021-11-03,0.012776227132778638
2021-11-04,0.013898725610339864
2021-11-05,0.009390883785230994
2021-11-08,0.0020075476217801306
2021-11-09,0.004023651687145212
2021-11-10,0.01135433182992073
2021-11-11,0.013402018469588453
2021-11-12,0.007261028468899342
2021-11-15,-0.0041909990211869905
2021-11-16,-0.014661039078428483
2021-11-17,-0.016950134069792167
2021-11-18,-0.012726577835044217
2021-11-19,0.0010710945928965607
2021-11-22,-0.0035652982993739576
2021-11-23,-0.00944188313757511
2021-11-24,-0.030170908014874997
2021-11-26,-0.03389218230633956
2021-11-29,-0.03552140844855223
2021-11-30,-0.021541159790035253
2021-12-01,0.005784015285626962
2021-12-02,0.01457858006383199
2021-12-03,0.031777953159944784
2021-12-06,0.022822541381206582
2021-12-07,0.012345571427471076
2021-12-08,0.000871131585063364
2021-12-09,-0.006929964507724414
2021-12-10,-0.0017841704943788348
2021-12-13,-0.006342952019900521
2021-12-14,-0.005269889855182199
2021-12-15,-0.006228513406883445
2021-12-16,-0.0016010456040315762
2021-12-17,0.004624263677739183
2021-12-20,0.02560666991072339
2021-12-21,0.024856767596001823
2021-12-22,0.01847128268534428
2021-12-23,-0.00031834292142390484
2021-12-27,-0.003244135930141944
2021-12-28,-0.00038594390297768305
2021-12-29,0.007350804917278368
2021-12-30,0.013714315044030525
2021-12-31,0.006985621850242635
2022-01-03,-0.00939124552984338
2022-01-04,-0.030760295543888042
2022-01-05,-0.02941017578936681
2022-01-06,-0.016546130407299416
2022-01-07,0.0034403377221047214
2022-01-10,0.00743890063412819
2022-01-11,0.0027154541800188427
2022-01-12,-0.006797224027653662
2022-01-13,-0.017221015377541327
2022-01-14,-0.026505551785511724
2022-01-18,-0.03556483158225597
2022-01-19,-0.03172899500677433
2022-01-20,-0.024273234891075354
2022-01-21,-0.015315671833874984
2022-01-24,-0.014435809285998545
2022-01-25,-0.010192529955354829
2022-01-26,0.008004817492825209
2022-01-27,0.03974118777371082
2022-01-28,0.053917215853020464
2022-01-31,0.0451242828239756
2022-02-01,0.02927761011348395
2022-02-02,0.01927845367425236
2022-02-03,0.019719205459457337
2022-02-04,0.01622354882445654
2022-02-07,0.01343747188348008
2022-02-08,0.006093024497105632
2022-02-09,0.007378248146323718
2022-02-10,0.004094854118999684
2022-02-11,0.006805325841810902
2022-02-14,-0.0032704490722293587
2022-02-15,-0.004107612288467836
2022-02-16,-0.015251159377667802
2022-02-17,-0.02449586233208432
2022-02-18,-0.02218878388240795
2022-02-22,-0.003251244425663768
2022-02-23,0.02429526484903974
2022-02-24,0.019131495633674615
2022-02-25,0.019977931462467218
2022-02-28,0.005187582526130217
2022-03-01,0.00826911039281633
2022-03-02,-0.039979018497225086
2022-03-03,-0.07190201969683903
2022-03-04,-0.06844134248506091
2022-03-07,-0.0196620804229262
2022-03-08,0.012886786273525465
2022-03-09,0.008059114744896437
2022-03-10,-0.004449947038669662
2022-03-11,0.011209140153320576
2022-03-14,0.050346601484721434
2022-03-15,0.06836429256849098
2022-03-16,0.0695194052196515
2022-03-17,0.018318969583193567
2022-03-18,0.0019511350985967815
2022-03-21,-0.020660460269279077
2022-03-22,-0.00648388888870847
2022-03-23,-0.0012733252157127919
2022-03-24,0.007237935044273712
2022-03-25,0.012170481130106199
2022-03-28,-0.0011609869479769226
2022-03-29,-0.0013042141622180503
2022-03-30,-0.01606484908786082
2022-03-31,-0.01406054670240195
2022-04-01,-0.027877965529957912
2022-04-04,-0.01929624006964825
2022-04-05,-0.018854183804981828
2022-04-06,-0.01126826632868188
2022-04-07,-0.011263674650219442
2022-04-08,-0.004235670471944201
2022-04-11,-0.0039159459055526456
2022-04-12,-0.0005975328874188541
2022-04-13,-0.0017218996168632686
2022-04-14,0.005254109472051203
2022-04-18,0.005970522925448846
2022-04-19,-0.0006780343120001598
2022-04-20,-0.019386141447341538
2022-04-21,-0.03683719006036027
2022-04-22,-0.04032205448465288
2022-04-25,-0.02313042227420024
2022-04-26,-0.00703293309861496
2022-04-27,-0.002361953457170996
2022-04-28,-0.013067892226486385
2022-04-29,0.0011743305324809733
2022-05-02,0.005403146856922232
2022-05-03,0.006612484159679487
2022-05-04,-0.00609225351893901
2022-05-05,-0.03384466775089523
2022-05-06,-0.0571570191330171
2022-05-09,-0.06356189491222489
2022-05-10,-0.02531088638405189
2022-05-11,0.019838072047675098
2022-05-12,0.045051241720073784
2022-05-13,0.029401202998329705
2022-05-16,0.011202996302652573
2022-05-17,-0.02184546293934439
2022-05-18,-0.01426742808786131
2022-05-19,-0.0039056653927220953
2022-05-20,0.01772304585186397
2022-05-23,0.02750238048943342
2022-05-24,0.06366902532013934
2022-05-25,0.07704964668520595
2022-05-26,0.05606045117850002
2022-05-27,0.005570814253343449
2022-05-31,-0.015173003888004365
2022-06-01,-0.00977863313330467
2022-06-02,-0.0002584507798072818
2022-06-03,-0.0009801446702713023
2022-06-06,-0.006420387057331281
2022-06-07,-0.021494407860421512
2022-06-08,-0.04673838845906617
2022-06-09,-0.05978048856229109
2022-06-10,-0.06016193745530506
2022-06-13,-0.044199964567361104
2022-06-14,-0.027833397323485175
2022-06-15,-0.023772673723106846
2022-06-16,-0.015535115526829155
2022-06-17,-0.0072103439904181235
2022-06-21,0.0022612885353830454
2022-06-22,0.013474337977853242
2022-06-23,0.026832754958173183
2022-06-24,0.04038071655988227
2022-06-27,0.02942664572357551
2022-06-28,0.007487495701098772
2022-06-29,-0.008921049152144688
2022-06-30,-0.004988319107971503
2022-07-01,0.01674339099911768
2022-07-05,0.026174109171042313
2022-07-06,0.0314018296484077
2022-07-07,0.01803652249590073
2022-07-08,0.00864001814713115
2022-07-11,-0.003779511703965793
2022-07-12,-0.005579040764804149
2022-07-13,-0.0012283942786758045
2022-07-14,0.023700634106346017
2022-07-15,0.016670524889132843
2022-07-18,0.015032347415606388
2022-07-19,-0.00909533428041516
2022-07-20,-0.0038261734409445604
2022-07-21,-0.003594908328109022
2022-07-22,0.005226699484232927
2022-07-25,0.011856646919623627
2022-07-26,0.036917025575821584
2022-07-27,0.042867432698200515
2022-07-28,0.03267000936624388
2022-07-29,0.009587964002233792
2022-08-01,0.0026408228392077993
2022-08-02,0.00892833384516241
2022-08-03,0.009389032226377637
2022-08-04,0.015371706034553274
2022-08-05,0.018180847013823782
2022-08-08,0.014414695259719288
2022-08-09,0.024086731300885927
2022-08-10,0.028070683825928037
2022-08-11,0.035461176436014374
2022-08-12,0.017649167546425218
2022-08-15,0.014698689911103577
2022-08-16,0.007543481376493639
2022-08-17,-0.01220578186602943
2022-08-18,-0.03664821119754697
2022-08-19,-0.045014073986833596
2022-08-22,-0.021018578134554534
2022-08-23,-0.008064161594778699
2022-08-24,-0.00993172274091429
2022-08-25,-0.022191142396326757
2022-08-26,-0.023890977045471537
2022-08-29,-0.01928155707896421
2022-08-30,-0.017405401554854916
2022-08-31,-0.0130510039345765
2022-09-01,-0.006223789091848323
2022-09-02,0.005897532155709653
2022-09-06,0.03180748718140943
2022-09-07,0.0469482386583348
2022-09-08,0.04255224516054534
2022-09-09,0.037369662054736796
2022-09-12,0.038002455615373916
2022-09-13,0.0315820741420472
2022-09-14,0.011561579101166689
2022-09-15,-0.011264411149496435
2022-09-16,-0.017045952839526632
2022-09-19,-0.026924355264989885
2022-09-20,-0.03492545680656021
2022-09-21,-0.03741103928108407
2022-09-22,-0.03332731178307003
2022-09-23,-0.014181956937171865
2022-09-26,5.818276474861333e-05
2022-09-27,0.0025937964984834552
2022-09-28,-0.008016403012518285
2022-09-29,0.002738813750397938
2022-09-30,0.028157182333995577
2022-10-03,0.03800043941221104
2022-10-04,0.057143754217284105
2022-10-05,0.035075992722864616
2022-10-06,0.022408156424049936
2022-10-07,-0.014911294692917408
2022-10-10,-0.010730466142010633
2022-10-11,-0.00637923064995749
2022-10-12,0.009698620250008408
2022-10-13,0.01132623623838153
2022-10-14,0.022220826674998667
2022-10-17,0.01035999277698074
2022-10-18,0.003192085766436338
2022-10-19,-0.0092325777434003
2022-10-20,0.009070284590622922
2022-10-21,0.021191103354356287
2022-10-24,0.03607074626085159
2022-10-25,0.01884765378687776
2022-10-26,0.008269574454379442
2022-10-27,0.0019873360346475
2022-10-28,-0.009578776665024722
2022-10-31,-0.015542949217028873
2022-11-01,-0.028600034671025818
2022-11-02,-0.017161024939312097
2022-11-03,0.006179433804962134
2022-11-04,0.01375543835696901
2022-11-07,0.030287479696475824
2022-11-08,0.033538772187898476
2022-11-09,0.05409431402684235
2022-11-10,0.025463911150080443
2022-11-11,0.009379509001427784
2022-11-14,-0.004217423969717029
2022-11-15,0.009187728475236778
2022-11-16,0.006156611864652346
2022-11-17,0.004601980485206835
2022-11-18,0.005629925976952231
2022-11-21,0.015137685591071157
2022-11-22,0.011514449123073305
2022-11-23,0.014976532654692279
2022-11-25,0.014738082521868123
2022-11-28,0.0230263464631136
2022-11-29,0.03212408055050894
2022-11-30,0.01759132049378966
2022-12-01,0.005461561366658871
2022-12-02,-0.022296225231936095
2022-12-05,-0.019451618709410718
2022-12-06,-0.018327439784412362
2022-12-07,-0.0017644272315179106
2022-12-08,0.00417654994427103
2022-12-09,0.010756174178710902
2022-12-12,-0.0040910407935475694
2022-12-13,-0.013962088140475098
2022-12-14,-0.02881171820420602
2022-12-15,-0.024054187875477254
2022-12-16,-0.016057548256037682
2022-12-19,-0.006333285455531005
2022-12-20,-0.0012961344198722368
2022-12-21,-0.012349143134335624
2022-12-22,-0.023653378439725536
2022-12-23,-0.025848438611439536
2022-12-27,-0.010929520063536625
2022-12-28,0.008407889536085126
2022-12-29,0.012244400068262705
2022-12-30,0.006529723986052841
2023-01-03,0.009976056911621347
2023-01-04,0.01043468593035185
2023-01-05,0.021271560154058865
2023-01-06,0.031207653869639893
2023-01-09,0.032771364394216844
2023-01-10,0.01866447392309091
2023-01-11,-0.0013683431971538683
2023-01-12,-0.011355173126881607
2023-01-13,-0.01491982393882804
2023-01-17,-0.020339798767527596
2023-01-18,-0.011510640837386475
2023-01-19,0.004091699855487984
2023-01-20,0.01013717629319577
2023-01-23,0.007773299786956222
2023-01-24,-0.00041487777273588463
2023-01-25,-0.002545434004698118
2023-01-26,0.000734458307615942
2023-01-27,0.0053979165299109216
2023-01-30,0.022073607887430718
2023-01-31,0.022090677653426597
2023-02-01,0.0143595189755452
2023-02-02,0.003309841384275431
2023-02-03,-0.0007535072364022624
2023-02-06,0.0029552521102923597
2023-02-07,-0.00401944689322683
2023-02-08,-0.0014678639037345267
2023-02-09,0.004679698926745034
2023-02-10,0.020754962462920083
2023-02-13,0.03264444659756729
2023-02-14,0.028137303598729395
2023-02-15,0.010643286201788754
2023-02-16,-0.010477130400246969
2023-02-17,-0.015286262820010655
2023-02-21,-0.013775184379555367
2023-02-22,-0.0053772696511921155
2023-02-23,-0.007566595642776825
2023-02-24,-0.008197201030069825
2023-02-27,-0.010193265498235488
2023-02-28,0.00010018973536044776
2023-03-01,0.009977352403222214
2023-03-02,0.006197758414548629
2023-03-03,-0.004357072400686028
2023-03-06,-0.01906822165822685
2023-03-07,-0.029128031779036192
2023-03-08,-0.046098624012701844
2023-03-09,-0.04928305179140622
2023-03-10,-0.04816939814065394
2023-03-13,-0.024897930563916402
2023-03-14,-0.02563659293330927
2023-03-15,-0.007782864530842902
2023-03-16,-0.005201808884909585
2023-03-17,0.009791830387494435
2023-03-20,0.0037525043819860654
2023-03-21,-0.00017341137192747677
2023-03-22,0.002779014573858742
2023-03-23,0.014022553134433905
2023-03-24,0.026754089308650208
2023-03-27,0.034707180459181274
2023-03-28,0.04122502722402725
2023-03-29,0.028588291594216293
2023-03-30,0.015104827500713666
2023-03-31,0.0032629429566222545
2023-04-03,-0.0015679073794130618
2023-04-04,0.004329120279587472
2023-04-05,0.007837961467524796
2023-04-06,0.01510917229784418
2023-04-10,0.00760387374972731
2023-04-11,0.0009566940120709504
2023-04-12,0.00435664490978401
2023-04-13,0.0060572710719425495
2023-04-14,0.009002210933598593
2023-04-17,0.0014404148067757834
2023-04-18,-0.0034421444351544366
2023-04-19,-0.012136313962400324
2023-04-20,-0.018902543090929792
2023-04-21,-0.022728079611873373
2023-04-24,-0.017758142341808773
2023-04-25,0.00135744661436142
2023-04-26,0.020421914249769326
2023-04-27,0.02020323475498424
2023-04-28,0.0066722226097093145
2023-05-01,-0.004916737882734813
2023-05-02,-0.0013803065277620268
2023-05-03,0.007715084680880233
2023-05-04,0.015871915041892205
2023-05-05,0.013266624825774764
2023-05-08,0.001907918656318005
2023-05-09,-0.008552535211000899
2023-05-10,-0.00992385884479872
2023-05-11,-0.008927384305864955
2023-05-12,-0.0010670467297502753
2023-05-15,-0.00292220532215286
2023-05-16,0.003879063683428082
2023-05-17,-0.0028263268761235943
2023-05-18,-0.001675525097333986
2023-05-19,-0.009516890506951418
2023-05-22,-0.014866776542734425
2023-05-23,-0.017756735037359826
2023-05-24,-0.015524922139492093
2023-05-25,-0.008655750850683439
2023-05-26,-0.006431785074749943
2023-05-30,0.004349093372537969
2023-05-31,0.013944071391795642
2023-06-01,0.0225771798727949
2023-06-02,0.013106878265843657
2023-06-05,0.006454672712577243
2023-06-06,-0.001031228796294173
2023-06-07,0.009045830210123689
2023-06-08,0.02016519098581542
2023-06-09,0.026623913370422785
2023-06-12,0.02135842217213925
2023-06-13,0.012234450817577566
2023-06-14,0.008827525109566638
2023-06-15,0.003089299092971279
2023-06-16,-0.007379418316824151
2023-06-20,-0.017879525687293573
2023-06-21,-0.019942057715578398
2023-06-22,-0.00976317298418632
2023-06-23,0.007904791350599632
2023-06-26,0.021364711746864856
2023-06-27,0.021503065219119176
2023-06-28,0.01896003829434327
2023-06-29,0.014940503376996952
2023-06-30,0.007542922063257209
2023-07-03,0.0035412096792231938
2023-07-05,0.002440172166448067
2023-07-06,0.017022911351670122
2023-07-07,0.020840616265718443
2023-07-10,0.022788110913537087
2023-07-11,0.012792326896057964
2023-07-12,0.0032277653765311848
2023-07-13,-0.003559813243183779
2023-07-14,-0.0009143248956833393
2023-07-17,0.010533944375993951
2023-07-18,0.01950054079305685
2023-07-19,0.013203616825399122
2023-07-20,0.009500746142032727
2023-07-21,0.004305354021111216
2023-07-24,0.004977113798022722
2023-07-25,0.002086029042071061
2023-07-26,0.00025970135122225157
2023-07-27,0.0043919077945222176
2023-07-28,0.0021498040595952033
2023-07-31,-0.004799544870294252
2023-08-01,-0.015601309498673013
2023-08-02,-0.014993532089635863
2023-08-03,-0.009187759826950265
2023-08-04,-0.0020656117723539
2023-08-07,-0.0025583685752828813
2023-08-08,-0.0036277467510407698
2023-08-09,-0.0041528282546197315
2023-08-10,-0.010052984864477747
2023-08-11,-0.01421974007788446
2023-08-14,-0.018916813603920196
2023-08-15,-0.016510850880733303
2023-08-16,-0.012978903495733976
2023-08-17,-0.008710163406796357
2023-08-18,-0.0018585379928578564
2023-08-21,-0.0019993283412171716
2023-08-22,-0.0034804919061219314
2023-08-23,-0.008125201864957915
2023-08-24,0.0007718356253866781
2023-08-25,0.014517785268160357
2023-08-28,0.01916089175836705
2023-08-29,0.014992427117624064
2023-08-30,0.002293500507706438
2023-08-31,-0.0053936543653552325
2023-09-01,-0.008678786427201369
2023-09-05,-0.005137016544838868
2023-09-06,-0.0004024082323361135
2023-09-07,0.0008050199742353942
2023-09-08,2.629490320503621e-05
2023-09-11,0.0026691410563705084
2023-09-12,-0.0012046468623870526
2023-09-13,-0.0036037908768907596
2023-09-14,-0.011134763876679016
2023-09-15,-0.012218998280102523
2023-09-18,-0.01999764401379111
2023-09-19,-0.027980459145014625
2023-09-20,-0.030460792419529
2023-09-21,-0.02583037396053829
2023-09-22,-0.01698713248176592
2023-09-25,-0.01173009646201139
2023-09-26,-0.006163115489683062
2023-09-27,-0.006927439323830007
2023-09-28,-0.011531136733619106
2023-09-29,-0.017775795171942263
2023-10-02,-0.014261939244278493
2023-10-03,-0.0037684363798732375
2023-10-04,0.008936657131732506
2023-10-05,0.02135429813410117
2023-10-06,0.020323095713176573
2023-10-09,0.008380468025490518
2023-10-10,0.004773132503132228
2023-10-11,0.0022276113928015803
2023-10-12,0.0133734827407674
2023-10-13,0.00500069828090218
2023-10-16,-0.0070459537898013135
2023-10-17,-0.024323421914867856
2023-10-18,-0.029863054987508
2023-10-19,-0.018241683780855656
2023-10-20,-0.0114724398752689
2023-10-23,-0.008576569599369822
2023-10-24,-0.016813478290724392
2023-10-25,-0.015981108858313473
2023-10-26,-0.005567457999127754
2023-10-27,0.008005678927420483
2023-10-30,0.02375968451119729
2023-10-31,0.029421146978659156
2023-11-01,0.031355392468214
2023-11-02,0.017153156040869404
2023-11-03,-0.0007797443935425658
2023-11-06,-0.005457955004906787
2023-11-07,-0.005401686693421357
2023-11-08,-0.0006865203596558185
2023-11-09,0.007292318074011044
2023-11-10,0.023439699907657777
2023-11-13,0.036670339554374744
2023-11-14,0.022774808571992825
2023-11-15,0.005996608926948806
2023-11-16,-0.0036399168119662945
2023-11-17,-0.0013485948365719127
2023-11-20,0.0021533638373542104
2023-11-21,0.0007359883125023873
2023-11-22,0.005337888372471011
2023-11-24,0.017173232513330715
2023-11-27,0.019011997283685446
2023-11-28,0.021495402641569555
2023-11-29,0.012444467084113505
2023-11-30,0.0049907449231457604
2023-12-01,-0.009168250326982383
2023-12-04,-0.010757005737479208
2023-12-05,-0.004870499837906174
2023-12-06,0.013189247500656837
2023-12-07,0.014610094580627902
2023-12-08,0.021414823664850473
2023-12-11,0.017268942857585325
2023-12-12,0.02747276818001328
2023-12-13,0.021671852545380253
2023-12-14,0.020624042869163722
2023-12-15,0.0048101519311193105
2023-12-18,0.0014784119430604225
2023-12-19,-0.005515666974462213
2023-12-20,0.004589113515713203
2023-12-21,0.006489561110354609
2023-12-22,0.009459382650030193
2023-12-26,-0.000511738784415199
2023-12-27,0.0003072103191149788
2023-12-28,0.00027925543109255505
2023-12-29,-0.0037460236592443577
2024-01-02,-0.012041587020657387
2024-01-03,-0.007081369917917246
2024-01-04,0.0065724729926497985
2024-01-05,0.017208312765397537
2024-01-08,0.0022536782083275343
2024-01-09,-0.009573129428120086
2024-01-10,-0.0224646493871618
2024-01-11,-0.023620059059335667
2024-01-12,-0.02825115394644128
2024-01-16,-0.01945578703317063
2024-01-17,-0.0021350865105227534
2024-01-18,0.014646765544273849
2024-01-19,0.012086600340816494
2024-01-22,0.007318663432504868
2024-01-23,0.0010397310275955583
2024-01-24,0.011612838944957186
2024-01-25,0.013944893898641585
2024-01-26,0.007540716638418002
2024-01-29,-0.005505733130187244
2024-01-30,-0.015050704984513396
2024-01-31,-0.008311542459965893
2024-02-01,-0.0027430323862532406
2024-02-02,0.0030962543769313244
2024-02-05,0.0075861659457023166
2024-02-06,0.009045252915844926
2024-02-07,0.01218303638794632
2024-02-08,0.006263102391556963
2024-02-09,0.0018195440039841368
2024-02-12,-0.002618775088150364
2024-02-13,0.0017591267129976693
2024-02-14,0.00786103489118671
2024-02-15,0.004945788465321798
2024-02-16,0.0053398479167360725
2024-02-20,0.008985574319092113
2024-02-21,0.02727151510253925
2024-02-22,0.028093791255295857
2024-02-23,0.02612522763567289
2024-02-26,0.016640216063987186
2024-02-27,0.01997054715960752
2024-02-28,0.018631217843049115
2024-02-29,0.010626581660155633
2024-03-01,0.0020316866494069093
2024-03-04,-0.0011628230173187024
2024-03-05,0.006603894167606794
2024-03-06,0.011001679256935166
2024-03-07,0.013320336495661472
2024-03-08,0.010137267531957693
2024-03-11,0.0040420627918391645
2024-03-12,-0.0026039212740891398
2024-03-13,-0.008295740880137632
2024-03-14,-0.004587760115228849
2024-03-15,0.0058540120923169315
2024-03-18,0.01643503068160563
2024-03-19,0.019292159843773794
2024-03-20,0.014175700716398109
2024-03-21,0.00436338784400813
2024-03-22,0.002623817709102262
2024-03-25,0.004357298949942127
2024-03-26,0.011864246642861278
2024-03-27,0.00895473806923566
2024-03-28,-0.001731314629767772
2024-04-01,-0.013482171083793603
2024-04-02,-0.017711640450805016
2024-04-03,-0.01396038740302781
2024-04-04,-0.0037902483389282864
2024-04-05,-0.004293261214768832
2024-04-08,-0.004557224115358429
2024-04-09,-0.016442883356695765
2024-04-10,-0.021449826897304843
2024-04-11,-0.02426828471052355
2024-04-12,-0.017465324390734942
2024-04-15,-0.009994803492948711
2024-04-16,-0.0005205250828941386
2024-04-17,0.005044999651509351
2024-04-18,0.011677367911471911
2024-04-19,0.019843496054642525
2024-04-22,0.025736739674363407
2024-04-23,0.018375697480455856
2024-04-24,0.008986209409016545
2024-04-25,-0.004583028507296079
2024-04-26,-0.006682000501622854
2024-04-29,-0.012197634067832126
2024-04-30,-0.003816215845909768
2024-05-01,0.009545300457160188
2024-05-02,0.018050226777338023
2024-05-03,0.015570365544256583
2024-05-06,0.012057316804746244
2024-05-07,0.0076915404682806245
2024-05-08,0.008680856621581622
2024-05-09,0.03422799075690395
2024-05-10,0.056957405402640195
2024-05-13,0.05945701139062939
2024-05-14,0.028260712516719085
2024-05-15,0.005406917626477474
2024-05-16,-0.00047490531396407937
2024-05-17,-0.004588013709899633
2024-05-20,-0.011477529588651227
2024-05-21,-0.015662321884191407
2024-05-22,-0.01651715722999771
2024-05-23,-0.013996935150908846
2024-05-24,-0.014628724389539063
2024-05-28,-0.005733327539712215
2024-05-29,0.004042055651305358
2024-05-30,0.013924172807446098
2024-05-31,0.023549586075357093
2024-06-03,0.020620103727598194
2024-06-04,0.01826794663412808
2024-06-05,0.004692798315022671
2024-06-06,-0.0017366829625850928
2024-06-07,-0.004087375598683973
2024-06-10,-0.006661284602445053
2024-06-11,-0.00671209319060482
2024-06-12,-0.006370418834986197
2024-06-13,-0.004099780861386562
2024-06-14,0.002985790875094294
2024-06-17,0.005005725483604867
2024-06-18,0.010284665513146694
2024-06-20,0.006020140750513969
2024-06-21,0.0026299768824489364
2024-06-24,0.0014069087224228552
2024-06-25,0.002321397741132925
2024-06-26,-1.7421641588492723e-05
2024-06-27,-0.003418175027074345
2024-06-28,-0.0028976622503562766
2024-07-01,0.003412552779870751
2024-07-02,0.003548936166422905
2024-07-03,0.003712244014832702
2024-07-05,0.0031528589458538793
2024-07-08,0.007518268753302843
2024-07-09,0.01568921568591556
2024-07-10,0.021838220351752726
2024-07-11,0.024782932327634306
2024-07-12,0.021007208191252146
2024-07-15,0.012992098149928842
2024-07-16,-0.014078042514214215
2024-07-17,-0.019220605710627087
2024-07-18,-0.01715143589965108
2024-07-19,-0.004886782977211408
2024-07-22,-0.008791394534106928
2024-07-23,-0.005906520167722072
2024-07-24,0.0051104257200711295
2024-07-25,0.009254114637793704
2024-07-26,0.006612440367724367
2024-07-29,-0.0017886486377992825
2024-07-30,-0.01732146249787931
2024-07-31,-0.03559919057444236
2024-08-01,-0.049585067522554094
2024-08-02,-0.04637699361791448
2024-08-05,-0.022017857396450808
2024-08-06,0.0010515166020766153
2024-08-07,0.01991402142741209
2024-08-08,0.010521966290336048
2024-08-09,-0.0015220516343875546
2024-08-12,-0.0057115805332755495
2024-08-13,-0.00568892306659262
2024-08-14,0.0057138746852447055
2024-08-15,0.006505066584673166
2024-08-16,0.010891690205407381
2024-08-19,0.028849695650410737
2024-08-20,0.031386473918317156
2024-08-21,0.03240421159385061
2024-08-22,0.012017715745696201
2024-08-23,0.0022724674241400462
2024-08-26,-0.010418747020660337
2024-08-27,-0.01314266760902107
2024-08-28,-0.012467775414509163
2024-08-29,-0.010598153201647347
2024-08-30,-0.019232891881438605
2024-09-03,-0.027877874500527467
2024-09-04,-0.027258749080922094
2024-09-05,-0.020887729664034654
2024-09-06,-0.0035922411433712306
2024-09-09,0.0031073206257842276
2024-09-10,0.01391357222577291
2024-09-11,0.014559947145766184
2024-09-12,0.018312033419034604
2024-09-13,0.015282489816538436
2024-09-16,0.009097310171986863
2024-09-17,0.004667439422149347
2024-09-18,0.005777021774515298
2024-09-19,0.009080888098456514
2024-09-20,0.008048236320993857
2024-09-23,0.0025275605726313875
2024-09-24,0.0008088431890102536
2024-09-25,0.005447004232189874
2024-09-26,0.012474545832392119
2024-09-27,0.0098326303047069
2024-09-30,0.0003461714298760453
2024-10-01,-0.0017973600042037912
2024-10-02,-0.003778649804728816
2024-10-03,0.0027087331282862693
2024-10-04,-0.003015825378716371
2024-10-07,0.00022744321993833368
2024-10-08,0.001125087653935986
2024-10-09,0.007568665825163052
2024-10-10,0.01420398097862771
2024-10-11,0.01945591889748237
2024-10-14,0.01321830547474331
2024-10-15,0.006742823311726117
2024-10-16,-0.002412648711375668
2024-10-17,-0.0030578952985482115
2024-10-18,-0.00878328441253955
2024-10-21,-0.00866919713486359
2024-10-22,-0.007248414794712969
2024-10-23,0.0021753366693727134
2024-10-24,0.0026000394669545316
2024-10-25,-0.00037925863842440573
2024-10-28,-0.008219680977569581
2024-10-29,-0.006194406780687372
2024-10-30,-0.004538346216374867
2024-10-31,0.004126381019943315
2024-11-01,0.010110847613113708
2024-11-04,0.026861870861066128
2024-11-05,0.02559080424369811
2024-11-06,0.018558324883705114
2024-11-07,-0.0007016083555875983
2024-11-08,-0.007175876383820036
2024-11-11,-0.01113072888426826
2024-11-12,-0.014057225931713413
2024-11-13,-0.015009057527300876
2024-11-14,-0.009500272693371893
2024-11-15,0.000985329562241051
2024-11-18,0.012388748451036618
2024-11-19,0.0196143561221722
2024-11-20,0.031278173740615194
2024-11-21,0.028951050915664796
2024-11-22,0.027556083498751268
2024-11-25,0.014115652719162439
2024-11-26,0.011448825905082543
2024-11-27,0.010581789574803617
2024-11-29,0.008776808273438623
2024-12-02,0.003511041145843484
2024-12-03,-0.006467660250362539
2024-12-04,-0.009546790754786061
2024-12-05,-0.00870407208735744
2024-12-06,-0.008231846765698046
2024-12-09,-0.006249092489950916
2024-12-10,-0.005094383376609077
2024-12-11,-0.00557331440709728
2024-12-12,-0.010780128915066824
2024-12-13,-0.023044138759270538
2024-12-16,-0.033017960053841416
2024-12-17,-0.035658140880886105
2024-12-18,-0.021352265505266903
2024-12-19,-0.000690743451262366
2024-12-20,0.01302720489075837
2024-12-23,0.012048103894551115
2024-12-24,0.00981704035988615
2024-12-26,0.0132652802772107
2024-12-27,0.009159758010429085
2024-12-30,0.007695156132308832
2024-12-31,0.013514733846269963
2025-01-02,0.020359570987167105
2025-01-03,0.018188525178596277
2025-01-06,-0.003988450326106672
2025-01-07,-0.013181275861908566
2025-01-08,-0.020566132576740295
2025-01-10,-0.0050931569854052
2025-01-13,0.00878556768914032
2025-01-14,0.02272714105721678
2025-01-15,0.01952742955338434
2025-01-16,0.012478161070203468
2025-01-17,0.008866324141955161
2025-01-21,0.001225310238316881
2025-01-22,0.006390084287249367
2025-01-23,0.0032137299546125798
2025-01-24,0.0027433441135133437
2025-01-27,0.004379951279603188
2025-01-28,0.00318686125004337
2025-01-29,-0.0022118142037011053
2025-01-30,-0.017123185421174147
2025-01-31,-0.016906429092314663
2025-02-03,-0.002362182736101008
2025-02-04,0.003988520964587594
2025-02-05,0.0013515118767516668
2025-02-06,-0.004993632872482092
2025-02-07,-0.00324264800362227
2025-02-10,0.002188933627652899
2025-02-11,0.008645801311658634
2025-02-12,0.014435102565979163
2025-02-13,0.015564203672880698
2025-02-14,0.01689883733831293
2025-02-18,0.013128376930170355
2025-02-19,0.0018540802291314982
2025-02-20,-0.015851872875627185
2025-02-21,-0.01964705692129028
2025-02-24,-0.02026634461115746
2025-02-25,-0.008952465185990905
2025-02-26,-0.016639283710473924
2025-02-27,-0.01592421562157218
2025-02-28,-0.022775406689819217
2025-03-03,-0.01605972337463204
2025-03-04,-0.007747673922584518
2025-03-05,-0.00599863039422438
2025-03-06,-0.013059255676712284
2025-03-07,-0.022186463510776466
2025-03-10,-0.01733184943015888
2025-03-11,-0.0055502803601186765
2025-03-12,0.008004773132972726
2025-03-13,0.01659260444145335
2025-03-14,0.015538336110526787
2025-03-17,0.005817270313836306
2025-03-18,0.0035633122198694164
2025-03-19,0.0008611518329753097
2025-03-20,0.0011287585207711195
2025-03-21,-0.003877060813243271
2025-03-24,-0.000535093807316891
2025-03-25,0.008502116955279417
2025-03-26,-0.003996777551898927
2025-03-27,-0.014159573484488746
2025-03-28,-0.014817487931364249
2025-03-31,-0.030905223654385333
2025-04-01,-0.06501113582542781
2025-04-02,-0.09411492795222978
2025-04-03,-0.10234815170878679
2025-04-04,-0.035604564019655706
2025-04-07,-0.008386913443715277
2025-04-08,0.04716894738520721
2025-04-09,0.04174402282520459
2025-04-10,0.04830409616560733
2025-04-11,0.025410734317371706
2025-04-14,0.005112476607550159
2025-04-15,-0.010563693637516315
2025-04-16,-0.000801309950503869
2025-04-17,0.006801702006126066
2025-04-21,0.04146548132777753
2025-04-22,0.0502436624189673
2025-04-23,0.03978938892822244
2025-04-24,0.011649989160773326
2025-04-25,0.002615140962995011
2025-04-28,0.005612985205398997
2025-04-29,0.0022745298632269786
2025-04-30,-0.0003985338625472964
2025-05-01,0.003442544774260577
2025-05-02,0.009756498260222958
2025-05-05,0.008374935882628482
2025-05-06,0.009241061401094567
2025-05-07,0.017406467339132307
2025-05-08,0.006393682593959793
2025-05-09,0.00034324700362723206
2025-05-12,-0.012525790562898554
2025-05-13,0.004349512378230384
2025-05-14,0.019270749378849452
2025-05-15,0.03498581001109104
2025-05-16,0.037478879923260044
2025-05-19,0.016702426680381983
2025-05-20,-0.010225975752610835
2025-05-21,-0.015869718922387182
2025-05-22,-0.007548314120074374
2025-05-23,0.009712224222713148
2025-05-27,1.74573255112072e-05
2025-05-28,0.00019895534631538707
2025-05-29,0.0011207448750777975
2025-05-30,0.018227281842794034
2025-06-02,0.02168110318513842
2025-06-03,0.016023909257038872
2025-06-04,0.000769399192305622
2025-06-05,0.0008809695101025014
2025-06-06,-0.003486204510643596
2025-06-09,0.00021386000165324803
2025-06-10,-0.0010042009590435091
2025-06-11,-0.0010709890579900982
2025-06-12,-0.009444406866171472
2025-06-13,-0.011511950549547458
2025-06-16,-0.00898370168929671
2025-06-17,0.0027164657367746564
2025-06-18,0.00837504710891295
2025-06-20,0.014868327790626535
2025-06-23,0.019313056342995395
2025-06-24,0.010299281873294246
2025-06-25,0.008582921376366992
2025-06-26,0.0061924646036400945
2025-06-27,0.018306808238211084
2025-06-30,0.02475008079593982
2025-07-01,0.020093294839605237
2025-07-02,0.009254487006765044
2025-07-03,-0.0017772429057830105
2025-07-07,0.00030336093015445706
2025-07-08,0.0011807139336070475
2025-07-09,0.002046737634693649
2025-07-10,-0.005963111905214039
2025-07-11,-0.0061919680686310374
2025-07-14,-0.007253755227862449
2025-07-15,-0.0017780331217575
2025-07-16,-0.00043773474764701624
2025-07-17,0.004026472796095615
2025-07-18,0.01005494690902063
2025-07-21,0.014285031446868539
2025-07-22,0.015638649203643117
2025-07-23,0.008374509932301127
2025-07-24,0.0019027289759552474
2025-07-25,-0.006646187621743565
2025-07-28,-0.011780018084783435
2025-07-29,-0.018637629295646125
2025-07-30,-0.015398651468442824
2025-07-31,-0.012558860342479498
2025-08-01,0.00018830469412428662
2025-08-04,0.003268998158695999
2025-08-05,0.00411179729885242
2025-08-06,0.000613218022047058
2025-08-07,0.003916773899198875
2025-08-08,0.012332740927716001
2025-08-11,0.020221151465505932
2025-08-12,0.01738559066696681
2025-08-13,0.009042879067230693
2025-08-14,-0.0029483521519185246
2025-08-15,-0.006694858519295213
2025-08-18,-0.003934544367889757
2025-08-19,0.0070515893925517815
2025-08-20,0.017728848561882664
2025-08-21,0.025732473274818323
2025-08-22,0.026870857850423563
2025-08-25,0.015870774128070392
2025-08-26,0.006740213935278601
2025-08-27,-0.00241032196544751
2025-08-28,0.0015664616345832914
2025-08-29,0.000163204746443219
2025-09-02,0.0048067705288230705
2025-09-03,0.004165572933103066
2025-09-04,0.0057398589049437905
2025-09-05,0.0024907898339909906
2025-09-08,0.005439118520768563
2025-09-09,0.003565090314033229
2025-09-10,0.0012753245170553538
2025-09-11,-0.006327632438332122
2025-09-12,-0.004075560435568416
2025-09-15,0.0010480332407685675
2025-09-16,0.006147883343395626
2025-09-17,0.0026075953964185008
2025-09-18,-0.0025713065862087883
2025-09-19,-0.004269019566551628
2025-09-22,-0.0028951901930122682
2025-09-23,-0.0032816131991160657
2025-09-24,-0.002938095725159422
2025-09-25,0.005941771931102692
2025-09-26,0.015517351784143605
2025-09-29,0.015314588168496903
2025-09-30,0.007455594093822411
2025-10-01,0.0016148543282305423
2025-10-02,1.812853800329411e-05
2025-10-03,-0.00248214112846908
2025-10-06,-0.006743751658022167
2025-10-07,-0.01851646766526611
2025-10-08,-0.021866479423663456
2025-10-09,-0.018498225405655277
2025-10-10,0.003922759827698335
2025-10-13,0.009988775929609835
2025-10-14,0.007366465347908682
2025-10-15,-0.0024560883698331406
2025-10-16,0.006458844829747357
2025-10-17,0.011387367653206108
2025-10-20,0.016346050238805445
2025-10-21,0.00974248347180531
2025-10-22,0.016708245629379195
2025-10-23,0.011474838108383725
2025-10-24,0.0037258689934617575
2025-10-27,-0.013798765977193915
2025-10-28,-0.02001811824293303
2025-10-29,-0.019098917412662144
2025-10-30,-0.017496591861796966
2025-10-31,-0.012818596363370374
2025-11-03,-0.009095850786669663
2025-11-04,-0.0024847090150059334
2025-11-05,0.00012771188006159415
2025-11-06,0.007428072980538344
2025-11-07,0.011877690720136985
2025-11-10,0.012991969052509298
2025-11-11,-0.0029868210160316658
