date,turnover
2015-11-30,0.0
2015-12-01,0.33333333333333337
2015-12-02,0.26666666666666666
2015-12-03,0.30000000000000004
2015-12-04,0.3157894736842105
2015-12-07,0.2833333333333333
2015-12-08,0.33333333333333326
2015-12-09,0.31666666666666665
2015-12-10,0.33333333333333337
2015-12-11,0.31666666666666665
2015-12-14,0.2833333333333333
2015-12-15,0.31666666666666665
2015-12-16,0.33333333333333326
2015-12-17,0.3
2015-12-18,0.2833333333333333
2015-12-21,0.31666666666666665
2015-12-22,0.3333333333333333
2015-12-23,0.31666666666666665
2015-12-24,0.31666666666666665
2015-12-28,0.3333333333333333
2015-12-29,0.25925925925925924
2015-12-30,0.33333333333333326
2015-12-31,0.31666666666666665
2016-01-04,0.31666666666666665
2016-01-05,0.23333333333333336
2016-01-06,0.31666666666666665
2016-01-07,0.33333333333333337
2016-01-08,0.30000000000000004
2016-01-11,0.2833333333333333
2016-01-12,0.31666666666666665
2016-01-13,0.31666666666666665
2016-01-14,0.3
2016-01-15,0.3
2016-01-19,0.3333333333333333
2016-01-20,0.25
2016-01-21,0.3166666666666667
2016-01-22,0.33333333333333337
2016-01-25,0.30000000000000004
2016-01-26,0.31666666666666665
2016-01-27,0.30000000000000004
2016-01-28,0.31666666666666665
2016-01-29,0.2857142857142857
2016-02-01,0.31666666666666665
2016-02-02,0.31666666666666665
2016-02-03,0.3
2016-02-04,0.3
2016-02-05,0.31666666666666665
2016-02-08,0.2833333333333333
2016-02-09,0.31666666666666665
2016-02-10,0.3333333333333333
2016-02-11,0.3
2016-02-12,0.3333333333333333
2016-02-16,0.31666666666666665
2016-02-17,0.33333333333333337
2016-02-18,0.3333333333333333
2016-02-19,0.29166666666666663
2016-02-22,0.19999999999999998
2016-02-23,0.33333333333333326
2016-02-24,0.33333333333333337
2016-02-25,0.2857142857142857
2016-02-26,0.31666666666666665
2016-02-29,0.2833333333333333
2016-03-01,0.3055555555555555
2016-03-02,0.2982456140350877
2016-03-03,0.30000000000000004
2016-03-04,0.3333333333333333
2016-03-07,0.3166666666666667
2016-03-08,0.31666666666666665
2016-03-09,0.3333333333333333
2016-03-10,0.29999999999999993
2016-03-11,0.3333333333333333
2016-03-14,0.33333333333333337
2016-03-15,0.2982456140350877
2016-03-16,0.2807017543859649
2016-03-17,0.29999999999999993
2016-03-18,0.31481481481481477
2016-03-21,0.2631578947368421
2016-03-22,0.30000000000000004
2016-03-23,0.31666666666666665
2016-03-24,0.3333333333333333
2016-03-28,0.3166666666666667
2016-03-29,0.3333333333333333
2016-03-30,0.33333333333333337
2016-03-31,0.30000000000000004
2016-04-01,0.29166666666666663
2016-04-04,0.3166666666666667
2016-04-05,0.33333333333333337
2016-04-06,0.3
2016-04-07,0.31666666666666665
2016-04-08,0.31666666666666665
2016-04-11,0.3
2016-04-12,0.31666666666666665
2016-04-13,0.3333333333333333
2016-04-14,0.30000000000000004
2016-04-15,0.30952380952380953
2016-04-18,0.31666666666666665
2016-04-19,0.33333333333333326
2016-04-20,0.2833333333333333
2016-04-21,0.31666666666666665
2016-04-22,0.2833333333333333
2016-04-25,0.31666666666666665
2016-04-26,0.33333333333333326
2016-04-27,0.2833333333333333
2016-04-28,0.29999999999999993
2016-04-29,0.29999999999999993
2016-05-02,0.3333333333333333
2016-05-03,0.33333333333333337
2016-05-04,0.31666666666666665
2016-05-05,0.25
2016-05-06,0.29999999999999993
2016-05-09,0.26666666666666666
2016-05-10,0.33333333333333337
2016-05-11,0.29999999999999993
2016-05-12,0.2833333333333333
2016-05-13,0.33333333333333337
2016-05-16,0.31666666666666665
2016-05-17,0.3333333333333333
2016-05-18,0.33333333333333337
2016-05-19,0.3
2016-05-20,0.31666666666666665
2016-05-23,0.2833333333333333
2016-05-24,0.33333333333333337
2016-05-25,0.3333333333333333
2016-05-26,0.29629629629629634
2016-05-27,0.26666666666666666
2016-05-31,0.3157894736842105
2016-06-01,0.3157894736842105
2016-06-02,0.3157894736842105
2016-06-03,0.31666666666666665
2016-06-06,0.2807017543859649
2016-06-07,0.2807017543859649
2016-06-08,0.31666666666666665
2016-06-09,0.2833333333333333
2016-06-10,0.31666666666666665
2016-06-13,0.2666666666666667
2016-06-14,0.16666666666666669
2016-06-15,0.31666666666666665
2016-06-16,0.3333333333333333
2016-06-17,0.31666666666666665
2016-06-20,0.3
2016-06-21,0.3333333333333333
2016-06-22,0.3166666666666667
2016-06-23,0.2745098039215686
2016-06-24,0.3333333333333333
2016-06-27,0.2666666666666667
2016-06-28,0.3333333333333333
2016-06-30,0.3333333333333333
2016-07-01,0.3333333333333333
2016-07-05,0.33333333333333337
2016-07-06,0.2807017543859649
2016-07-07,0.3333333333333333
2016-07-08,0.33333333333333326
2016-07-11,0.3157894736842105
2016-07-12,0.2333333333333333
2016-07-13,0.33333333333333337
2016-07-14,0.27777777777777773
2016-07-15,0.3
2016-07-18,0.3137254901960784
2016-07-19,0.30000000000000004
2016-07-20,0.33333333333333337
2016-07-21,0.31666666666666665
2016-07-22,0.3
2016-07-25,0.30000000000000004
2016-07-26,0.2833333333333333
2016-07-27,0.31666666666666665
2016-07-28,0.3
2016-07-29,0.30000000000000004
2016-08-01,0.30000000000000004
2016-08-02,0.30000000000000004
2016-08-03,0.33333333333333337
2016-08-04,0.2833333333333333
2016-08-05,0.33333333333333337
2016-08-08,0.2833333333333333
2016-08-09,0.25
2016-08-10,0.2833333333333333
2016-08-11,0.31666666666666665
2016-08-12,0.3
2016-08-15,0.2833333333333333
2016-08-16,0.31666666666666665
2016-08-17,0.3166666666666667
2016-08-18,0.3333333333333333
2016-08-19,0.2833333333333333
2016-08-22,0.2833333333333333
2016-08-23,0.2807017543859649
2016-08-24,0.31666666666666665
2016-08-25,0.3166666666666667
2016-08-26,0.33333333333333326
2016-08-29,0.30000000000000004
2016-08-30,0.31666666666666665
2016-08-31,0.31666666666666665
2016-09-01,0.26666666666666666
2016-09-02,0.2333333333333333
2016-09-06,0.31666666666666665
2016-09-07,0.30000000000000004
2016-09-08,0.3333333333333333
2016-09-09,0.30000000000000004
2016-09-12,0.33333333333333337
2016-09-13,0.30000000000000004
2016-09-14,0.33333333333333337
2016-09-15,0.2727272727272727
2016-09-16,0.3
2016-09-19,0.26666666666666666
2016-09-20,0.31666666666666665
2016-09-21,0.31666666666666665
2016-09-22,0.3333333333333333
2016-09-23,0.2833333333333333
2016-09-26,0.2833333333333333
2016-09-27,0.3333333333333333
2016-09-28,0.3
2016-09-29,0.2833333333333333
2016-09-30,0.23333333333333334
2016-10-03,0.26666666666666666
2016-10-04,0.2833333333333333
2016-10-05,0.23333333333333334
2016-10-06,0.2833333333333333
2016-10-07,0.3333333333333333
2016-10-10,0.31666666666666665
2016-10-11,0.3333333333333333
2016-10-12,0.30000000000000004
2016-10-13,0.33333333333333326
2016-10-14,0.30000000000000004
2016-10-17,0.2833333333333333
2016-10-18,0.3
2016-10-19,0.3333333333333333
2016-10-20,0.33333333333333337
2016-10-21,0.29999999999999993
2016-10-24,0.3148148148148149
2016-10-25,0.3333333333333333
2016-10-26,0.30000000000000004
2016-10-27,0.31666666666666665
2016-10-28,0.3166666666666667
2016-10-31,0.30000000000000004
2016-11-01,0.3166666666666667
2016-11-02,0.31666666666666665
2016-11-03,0.3166666666666667
2016-11-04,0.31666666666666676
2016-11-07,0.3333333333333333
2016-11-08,0.3333333333333333
2016-11-09,0.33333333333333337
2016-11-10,0.3333333333333333
2016-11-11,0.30000000000000004
2016-11-14,0.30000000000000004
2016-11-15,0.3333333333333333
2016-11-16,0.33333333333333337
2016-11-17,0.33333333333333337
2016-11-18,0.29999999999999993
2016-11-21,0.3111111111111111
2016-11-22,0.2833333333333333
2016-11-23,0.3
2016-11-25,0.2222222222222222
2016-11-28,0.33333333333333337
2016-11-29,0.31666666666666665
2016-11-30,0.33333333333333337
2016-12-01,0.31666666666666665
2016-12-02,0.31666666666666665
2016-12-05,0.31666666666666665
2016-12-06,0.31666666666666665
2016-12-07,0.3333333333333333
2016-12-08,0.3055555555555556
2016-12-09,0.33333333333333337
2016-12-12,0.31666666666666665
2016-12-13,0.2982456140350877
2016-12-14,0.3333333333333333
2016-12-15,0.2833333333333333
2016-12-16,0.2666666666666666
2016-12-19,0.30000000000000004
2016-12-20,0.30000000000000004
2016-12-21,0.31666666666666665
2016-12-22,0.2833333333333333
2016-12-23,0.3
2016-12-27,0.25
2016-12-28,0.33333333333333337
2016-12-29,0.3166666666666667
2016-12-30,0.31666666666666665
2017-01-03,0.26666666666666666
2017-01-04,0.3333333333333333
2017-01-05,0.30000000000000004
2017-01-06,0.3157894736842105
2017-01-09,0.31666666666666665
2017-01-10,0.26666666666666666
2017-01-11,0.33333333333333326
2017-01-12,0.33333333333333337
2017-01-13,0.31666666666666665
2017-01-17,0.31666666666666665
2017-01-18,0.23333333333333334
2017-01-19,0.3
2017-01-20,0.30000000000000004
2017-01-23,0.2666666666666667
2017-01-24,0.2833333333333333
2017-01-25,0.2833333333333333
2017-01-26,0.31666666666666665
2017-01-27,0.30000000000000004
2017-01-30,0.2833333333333333
2017-01-31,0.3
2017-02-01,0.25
2017-02-02,0.3
2017-02-03,0.33333333333333337
2017-02-06,0.31666666666666665
2017-02-07,0.30000000000000004
2017-02-08,0.2833333333333333
2017-02-09,0.31666666666666665
2017-02-10,0.2833333333333333
2017-02-13,0.30000000000000004
2017-02-14,0.3
2017-02-15,0.2962962962962963
2017-02-16,0.31666666666666665
2017-02-17,0.26666666666666666
2017-02-21,0.2962962962962963
2017-02-22,0.3166666666666667
2017-02-23,0.3166666666666667
2017-02-24,0.3157894736842105
2017-02-27,0.26666666666666666
2017-02-28,0.30000000000000004
2017-03-01,0.3157894736842105
2017-03-02,0.2833333333333333
2017-03-03,0.31666666666666665
2017-03-06,0.21666666666666667
2017-03-07,0.2666666666666666
2017-03-08,0.31666666666666665
2017-03-09,0.2666666666666667
2017-03-10,0.29999999999999993
2017-03-13,0.33333333333333326
2017-03-14,0.31666666666666665
2017-03-15,0.22807017543859648
2017-03-16,0.3157894736842105
2017-03-17,0.30000000000000004
2017-03-20,0.2
2017-03-21,0.29999999999999993
2017-03-22,0.2833333333333333
2017-03-23,0.30000000000000004
2017-03-24,0.33333333333333337
2017-03-27,0.30000000000000004
2017-03-28,0.31666666666666665
2017-03-29,0.2833333333333333
2017-03-30,0.2833333333333334
2017-03-31,0.3157894736842105
2017-04-03,0.31666666666666665
2017-04-04,0.33333333333333337
2017-04-05,0.2833333333333333
2017-04-06,0.3166666666666667
2017-04-07,0.2833333333333333
2017-04-10,0.2666666666666666
2017-04-11,0.3166666666666667
2017-04-12,0.31666666666666665
2017-04-13,0.2333333333333333
2017-04-17,0.31666666666666665
2017-04-18,0.33333333333333337
2017-04-19,0.3166666666666667
2017-04-20,0.2592592592592593
2017-04-21,0.2833333333333333
2017-04-24,0.2833333333333333
2017-04-25,0.27777777777777773
2017-04-26,0.3157894736842105
2017-04-27,0.2982456140350877
2017-04-28,0.30000000000000004
2017-05-01,0.2833333333333333
2017-05-02,0.24999999999999997
2017-05-03,0.31666666666666665
2017-05-04,0.3
2017-05-05,0.31666666666666665
2017-05-08,0.30000000000000004
2017-05-09,0.31666666666666665
2017-05-10,0.2833333333333333
2017-05-11,0.2833333333333333
2017-05-12,0.3
2017-05-15,0.26666666666666666
2017-05-16,0.2833333333333333
2017-05-17,0.30000000000000004
2017-05-18,0.30000000000000004
2017-05-19,0.3
2017-05-22,0.33333333333333326
2017-05-23,0.31666666666666665
2017-05-24,0.33333333333333337
2017-05-25,0.3333333333333333
2017-05-26,0.29999999999999993
2017-05-30,0.2666666666666666
2017-05-31,0.2666666666666667
2017-06-01,0.2833333333333333
2017-06-02,0.2666666666666666
2017-06-05,0.31666666666666665
2017-06-06,0.33333333333333337
2017-06-07,0.31666666666666665
2017-06-08,0.31666666666666665
2017-06-09,0.33333333333333337
2017-06-12,0.31666666666666665
2017-06-13,0.2833333333333333
2017-06-14,0.3333333333333333
2017-06-15,0.3166666666666667
2017-06-16,0.33333333333333337
2017-06-19,0.2962962962962963
2017-06-20,0.30000000000000004
2017-06-21,0.31666666666666665
2017-06-22,0.24999999999999997
2017-06-23,0.30000000000000004
2017-06-26,0.3333333333333333
2017-06-27,0.3333333333333333
2017-06-28,0.2666666666666667
2017-06-29,0.3333333333333333
2017-06-30,0.33333333333333337
2017-07-03,0.26666666666666666
2017-07-05,0.2833333333333333
2017-07-06,0.2833333333333333
2017-07-07,0.30000000000000004
2017-07-10,0.2833333333333333
2017-07-11,0.2833333333333333
2017-07-12,0.31666666666666665
2017-07-13,0.31666666666666665
2017-07-14,0.3
2017-07-17,0.22807017543859648
2017-07-18,0.2833333333333333
2017-07-19,0.2666666666666666
2017-07-20,0.3
2017-07-21,0.2
2017-07-24,0.23333333333333334
2017-07-25,0.2833333333333333
2017-07-26,0.2833333333333334
2017-07-27,0.2833333333333333
2017-07-28,0.3166666666666667
2017-07-31,0.30000000000000004
2017-08-01,0.31666666666666665
2017-08-02,0.3
2017-08-03,0.33333333333333337
2017-08-04,0.3166666666666667
2017-08-07,0.31666666666666665
2017-08-08,0.31666666666666665
2017-08-09,0.3
2017-08-10,0.33333333333333326
2017-08-11,0.3
2017-08-14,0.3333333333333333
2017-08-15,0.33333333333333326
2017-08-16,0.30000000000000004
2017-08-17,0.2666666666666666
2017-08-18,0.31666666666666665
2017-08-21,0.2833333333333333
2017-08-22,0.3333333333333333
2017-08-23,0.2833333333333334
2017-08-24,0.29999999999999993
2017-08-25,0.3
2017-08-28,0.2833333333333333
2017-08-29,0.30000000000000004
2017-08-30,0.3
2017-08-31,0.30000000000000004
2017-09-01,0.31666666666666665
2017-09-05,0.2833333333333333
2017-09-06,0.25
2017-09-07,0.3333333333333333
2017-09-08,0.3333333333333333
2017-09-11,0.33333333333333326
2017-09-12,0.3333333333333333
2017-09-13,0.31666666666666665
2017-09-14,0.3333333333333333
2017-09-15,0.31666666666666665
2017-09-18,0.25
2017-09-19,0.23333333333333334
2017-09-20,0.2666666666666667
2017-09-21,0.31666666666666665
2017-09-22,0.30000000000000004
2017-09-25,0.3
2017-09-26,0.2833333333333333
2017-09-27,0.26666666666666666
2017-09-28,0.3
2017-09-29,0.30000000000000004
2017-10-02,0.2833333333333333
2017-10-03,0.31666666666666665
2017-10-04,0.31666666666666665
2017-10-05,0.2982456140350877
2017-10-06,0.31666666666666665
2017-10-09,0.2833333333333333
2017-10-10,0.29999999999999993
2017-10-11,0.2833333333333333
2017-10-12,0.2833333333333333
2017-10-13,0.33333333333333337
2017-10-16,0.2833333333333333
2017-10-17,0.30000000000000004
2017-10-18,0.2833333333333333
2017-10-19,0.2833333333333333
2017-10-20,0.31666666666666665
2017-10-23,0.2833333333333333
2017-10-24,0.3
2017-10-25,0.26666666666666666
2017-10-26,0.2833333333333333
2017-10-27,0.2833333333333334
2017-10-30,0.30000000000000004
2017-10-31,0.30000000000000004
2017-11-01,0.31666666666666665
2017-11-02,0.33333333333333337
2017-11-03,0.2666666666666667
2017-11-06,0.31666666666666665
2017-11-07,0.33333333333333337
2017-11-08,0.30000000000000004
2017-11-09,0.30000000000000004
2017-11-10,0.31666666666666665
2017-11-13,0.33333333333333337
2017-11-14,0.33333333333333337
2017-11-15,0.30000000000000004
2017-11-16,0.26666666666666666
2017-11-17,0.3166666666666667
2017-11-20,0.3333333333333333
2017-11-21,0.2962962962962963
2017-11-22,0.2833333333333333
2017-11-24,0.3333333333333333
2017-11-27,0.3
2017-11-28,0.2833333333333333
2017-11-29,0.33333333333333337
2017-11-30,0.3333333333333333
2017-12-01,0.2833333333333333
2017-12-04,0.30000000000000004
2017-12-05,0.2833333333333333
2017-12-06,0.3
2017-12-07,0.2833333333333333
2017-12-08,0.31666666666666665
2017-12-11,0.2833333333333333
2017-12-12,0.2833333333333333
2017-12-13,0.31666666666666665
2017-12-14,0.2833333333333333
2017-12-15,0.3333333333333333
2017-12-18,0.33333333333333326
2017-12-19,0.33333333333333337
2017-12-20,0.31666666666666665
2017-12-21,0.26666666666666666
2017-12-22,0.31666666666666665
2017-12-26,0.30000000000000004
2017-12-27,0.3333333333333333
2017-12-28,0.30000000000000004
2017-12-29,0.33333333333333337
2018-01-02,0.29999999999999993
2018-01-03,0.33333333333333337
2018-01-04,0.33333333333333337
2018-01-05,0.31666666666666665
2018-01-08,0.3
2018-01-09,0.26666666666666666
2018-01-10,0.21666666666666667
2018-01-11,0.3166666666666666
2018-01-12,0.2982456140350877
2018-01-16,0.2833333333333333
2018-01-17,0.31666666666666665
2018-01-18,0.3333333333333333
2018-01-19,0.31666666666666665
2018-01-22,0.25
2018-01-23,0.30000000000000004
2018-01-24,0.3333333333333333
2018-01-25,0.31666666666666665
2018-01-26,0.3
2018-01-29,0.2833333333333334
2018-01-30,0.3
2018-01-31,0.2833333333333333
2018-02-01,0.31666666666666665
2018-02-02,0.3
2018-02-05,0.33333333333333337
2018-02-06,0.31666666666666665
2018-02-07,0.3333333333333333
2018-02-08,0.33333333333333337
2018-02-09,0.3333333333333333
2018-02-12,0.3333333333333333
2018-02-13,0.33333333333333337
2018-02-14,0.31666666666666665
2018-02-15,0.3333333333333333
2018-02-16,0.2777777777777778
2018-02-20,0.3333333333333333
2018-02-21,0.31666666666666665
2018-02-22,0.31666666666666665
2018-02-23,0.33333333333333337
2018-02-26,0.31666666666666676
2018-02-27,0.2833333333333334
2018-02-28,0.3333333333333333
2018-03-01,0.3166666666666667
2018-03-02,0.2833333333333333
2018-03-05,0.31666666666666665
2018-03-06,0.33333333333333337
2018-03-07,0.31666666666666665
2018-03-08,0.3
2018-03-09,0.2051282051282051
2018-03-12,0.33333333333333337
2018-03-13,0.31666666666666665
2018-03-14,0.33333333333333337
2018-03-15,0.33333333333333337
2018-03-16,0.3
2018-03-19,0.33333333333333337
2018-03-20,0.2833333333333333
2018-03-21,0.2666666666666667
2018-03-22,0.30000000000000004
2018-03-23,0.31666666666666665
2018-03-26,0.33333333333333337
2018-03-27,0.33333333333333326
2018-03-28,0.33333333333333337
2018-03-29,0.33333333333333337
2018-04-02,0.31666666666666665
2018-04-03,0.31666666666666665
2018-04-04,0.33333333333333337
2018-04-05,0.33333333333333326
2018-04-06,0.2833333333333333
2018-04-09,0.33333333333333326
2018-04-10,0.33333333333333337
2018-04-11,0.31666666666666665
2018-04-12,0.3166666666666667
2018-04-13,0.3333333333333333
2018-04-16,0.31666666666666665
2018-04-17,0.31666666666666665
2018-04-18,0.2941176470588235
2018-04-19,0.3166666666666667
2018-04-20,0.29999999999999993
2018-04-23,0.3333333333333333
2018-04-24,0.33333333333333337
2018-04-25,0.30000000000000004
2018-04-26,0.33333333333333337
2018-04-27,0.31666666666666665
2018-04-30,0.33333333333333337
2018-05-01,0.30000000000000004
2018-05-02,0.3
2018-05-03,0.2833333333333333
2018-05-04,0.3333333333333333
2018-05-07,0.33333333333333326
2018-05-08,0.30000000000000004
2018-05-09,0.2982456140350877
2018-05-10,0.23529411764705882
2018-05-11,0.33333333333333337
2018-05-14,0.3157894736842105
2018-05-15,0.31666666666666665
2018-05-16,0.33333333333333337
2018-05-17,0.3333333333333333
2018-05-18,0.31666666666666665
2018-05-21,0.31666666666666665
2018-05-22,0.3166666666666667
2018-05-23,0.3
2018-05-24,0.3333333333333333
2018-05-25,0.30000000000000004
2018-05-29,0.30000000000000004
2018-05-30,0.3
2018-05-31,0.33333333333333326
2018-06-01,0.33333333333333337
2018-06-04,0.3157894736842105
2018-06-05,0.31666666666666665
2018-06-06,0.19999999999999998
2018-06-07,0.2833333333333333
2018-06-08,0.31666666666666665
2018-06-11,0.2666666666666666
2018-06-12,0.3166666666666667
2018-06-13,0.31666666666666665
2018-06-14,0.31666666666666665
2018-06-15,0.3166666666666667
2018-06-18,0.2833333333333334
2018-06-19,0.33333333333333337
2018-06-20,0.26666666666666666
2018-06-21,0.30000000000000004
2018-06-22,0.30000000000000004
2018-06-25,0.31666666666666665
2018-06-26,0.3166666666666667
2018-06-27,0.2833333333333334
2018-06-28,0.31666666666666665
2018-06-29,0.2833333333333333
2018-07-02,0.33333333333333337
2018-07-03,0.31666666666666665
2018-07-05,0.31666666666666665
2018-07-06,0.33333333333333326
2018-07-09,0.33333333333333337
2018-07-10,0.3111111111111111
2018-07-11,0.31666666666666665
2018-07-12,0.31666666666666665
2018-07-13,0.3333333333333333
2018-07-16,0.30000000000000004
2018-07-17,0.2833333333333334
2018-07-18,0.31666666666666665
2018-07-19,0.2833333333333333
2018-07-20,0.2833333333333333
2018-07-23,0.2833333333333333
2018-07-24,0.31666666666666665
2018-07-25,0.2833333333333333
2018-07-26,0.29999999999999993
2018-07-27,0.30000000000000004
2018-07-30,0.3
2018-07-31,0.3
2018-08-01,0.31666666666666665
2018-08-02,0.3
2018-08-03,0.31666666666666665
2018-08-06,0.3
2018-08-07,0.2833333333333333
2018-08-08,0.2807017543859649
2018-08-09,0.3166666666666667
2018-08-10,0.3333333333333333
2018-08-13,0.31666666666666665
2018-08-14,0.2833333333333333
2018-08-15,0.3
2018-08-16,0.2833333333333333
2018-08-17,0.3157894736842105
2018-08-20,0.33333333333333337
2018-08-21,0.3333333333333333
2018-08-22,0.31666666666666665
2018-08-23,0.3333333333333333
2018-08-24,0.2962962962962963
2018-08-27,0.2666666666666666
2018-08-28,0.30000000000000004
2018-08-29,0.27450980392156865
2018-08-30,0.31666666666666665
2018-08-31,0.25
2018-09-04,0.3
2018-09-05,0.3166666666666667
2018-09-06,0.3166666666666667
2018-09-07,0.25
2018-09-10,0.31666666666666665
2018-09-11,0.31666666666666665
2018-09-12,0.2833333333333333
2018-09-13,0.3
2018-09-14,0.3
2018-09-17,0.33333333333333337
2018-09-18,0.29999999999999993
2018-09-19,0.2833333333333333
2018-09-20,0.31666666666666665
2018-09-21,0.29824561403508776
2018-09-24,0.33333333333333337
2018-09-25,0.3
2018-09-26,0.31666666666666665
2018-09-27,0.3
2018-09-28,0.30000000000000004
2018-10-01,0.29999999999999993
2018-10-02,0.31666666666666665
2018-10-03,0.30000000000000004
2018-10-04,0.29999999999999993
2018-10-05,0.3166666666666667
2018-10-08,0.31666666666666665
2018-10-09,0.3166666666666667
2018-10-10,0.30000000000000004
2018-10-11,0.33333333333333337
2018-10-12,0.31666666666666665
2018-10-15,0.33333333333333337
2018-10-16,0.3333333333333333
2018-10-17,0.31666666666666665
2018-10-18,0.30000000000000004
2018-10-19,0.3333333333333333
2018-10-22,0.31666666666666665
2018-10-23,0.21666666666666667
2018-10-24,0.33333333333333337
2018-10-25,0.30000000000000004
2018-10-26,0.30000000000000004
2018-10-29,0.31666666666666665
2018-10-30,0.2833333333333333
2018-10-31,0.2833333333333333
2018-11-01,0.3333333333333333
2018-11-02,0.2833333333333333
2018-11-05,0.33333333333333337
2018-11-06,0.3055555555555555
2018-11-07,0.31666666666666665
2018-11-08,0.33333333333333326
2018-11-09,0.31666666666666665
2018-11-12,0.3
2018-11-13,0.3
2018-11-14,0.30000000000000004
2018-11-15,0.2833333333333334
2018-11-16,0.2666666666666667
2018-11-19,0.3166666666666667
2018-11-20,0.26666666666666666
2018-11-21,0.25
2018-11-23,0.31666666666666665
2018-11-26,0.3333333333333333
2018-11-27,0.3
2018-11-28,0.3157894736842105
2018-11-29,0.33333333333333337
2018-11-30,0.3148148148148148
2018-12-03,0.26190476190476186
2018-12-04,0.3333333333333333
2018-12-06,0.2666666666666666
2018-12-07,0.2833333333333333
2018-12-10,0.2
2018-12-11,0.23333333333333336
2018-12-12,0.3333333333333333
2018-12-13,0.26666666666666666
2018-12-14,0.33333333333333337
2018-12-17,0.31666666666666665
2018-12-18,0.31666666666666665
2018-12-19,0.30000000000000004
2018-12-20,0.30000000000000004
2018-12-21,0.2833333333333333
2018-12-24,0.26666666666666666
2018-12-26,0.3333333333333333
2018-12-31,0.3333333333333333
2019-01-02,0.30000000000000004
2019-01-03,0.33333333333333326
2019-01-04,0.25
2019-01-07,0.3
2019-01-08,0.33333333333333326
2019-01-09,0.33333333333333337
2019-01-10,0.2666666666666666
2019-01-11,0.2962962962962963
2019-01-14,0.33333333333333337
2019-01-15,0.2807017543859649
2019-01-16,0.31666666666666665
2019-01-17,0.31666666666666665
2019-01-18,0.28070175438596495
2019-01-22,0.2833333333333333
2019-01-23,0.3
2019-01-24,0.3333333333333333
2019-01-25,0.33333333333333337
2019-01-28,0.31666666666666665
2019-01-29,0.30000000000000004
2019-01-30,0.2807017543859649
2019-01-31,0.33333333333333337
2019-02-01,0.3
2019-02-04,0.3157894736842105
2019-02-05,0.2666666666666667
2019-02-06,0.3157894736842105
2019-02-07,0.3333333333333333
2019-02-08,0.3
2019-02-11,0.3
2019-02-12,0.33333333333333337
2019-02-13,0.3333333333333333
2019-02-14,0.31666666666666665
2019-02-15,0.3076923076923077
2019-02-19,0.3055555555555556
2019-02-20,0.3157894736842105
2019-02-21,0.3333333333333333
2019-02-22,0.3137254901960784
2019-02-25,0.33333333333333337
2019-02-26,0.3
2019-02-27,0.3
2019-02-28,0.30000000000000004
2019-03-01,0.33333333333333337
2019-03-04,0.25
2019-03-05,0.30000000000000004
2019-03-06,0.3
2019-03-07,0.33333333333333337
2019-03-08,0.30000000000000004
2019-03-11,0.3333333333333333
2019-03-12,0.31666666666666665
2019-03-13,0.33333333333333326
2019-03-14,0.3111111111111111
2019-03-15,0.2833333333333333
2019-03-18,0.2962962962962963
2019-03-19,0.33333333333333337
2019-03-20,0.3166666666666667
2019-03-21,0.3
2019-03-22,0.31666666666666665
2019-03-25,0.30000000000000004
2019-03-26,0.30000000000000004
2019-03-27,0.31666666666666665
2019-03-28,0.2833333333333333
2019-03-29,0.3333333333333333
2019-04-01,0.31666666666666665
2019-04-02,0.2666666666666666
2019-04-03,0.2833333333333333
2019-04-04,0.2833333333333333
2019-04-05,0.31481481481481477
2019-04-08,0.29999999999999993
2019-04-09,0.31666666666666665
2019-04-10,0.31666666666666665
2019-04-11,0.31666666666666665
2019-04-12,0.2833333333333334
2019-04-15,0.2833333333333333
2019-04-16,0.2666666666666666
2019-04-17,0.25
2019-04-18,0.2833333333333333
2019-04-22,0.2833333333333334
2019-04-23,0.31666666666666665
2019-04-24,0.33333333333333326
2019-04-25,0.2666666666666667
2019-04-26,0.29999999999999993
2019-04-29,0.31666666666666665
2019-04-30,0.3
2019-05-01,0.2833333333333333
2019-05-02,0.26666666666666666
2019-05-03,0.2962962962962963
2019-05-06,0.31666666666666665
2019-05-07,0.3166666666666667
2019-05-08,0.33333333333333337
2019-05-09,0.2666666666666666
2019-05-10,0.2666666666666666
2019-05-13,0.3333333333333333
2019-05-14,0.3
2019-05-15,0.3157894736842105
2019-05-16,0.33333333333333326
2019-05-17,0.28333333333333327
2019-05-20,0.33333333333333337
2019-05-21,0.33333333333333337
2019-05-22,0.2833333333333334
2019-05-23,0.3333333333333333
2019-05-24,0.31666666666666665
2019-05-28,0.31666666666666665
2019-05-29,0.33333333333333337
2019-05-30,0.24999999999999997
2019-05-31,0.33333333333333337
2019-06-03,0.30000000000000004
2019-06-04,0.3333333333333333
2019-06-05,0.30000000000000004
2019-06-06,0.3333333333333333
2019-06-07,0.25
2019-06-10,0.30952380952380953
2019-06-11,0.3333333333333333
2019-06-12,0.31666666666666665
2019-06-13,0.3148148148148148
2019-06-14,0.29999999999999993
2019-06-17,0.3333333333333333
2019-06-18,0.2982456140350877
2019-06-19,0.29999999999999993
2019-06-20,0.3333333333333333
2019-06-21,0.24999999999999997
2019-06-24,0.33333333333333326
2019-06-25,0.33333333333333337
2019-06-26,0.3
2019-06-27,0.30000000000000004
2019-06-28,0.3333333333333333
2019-07-01,0.30000000000000004
2019-07-02,0.33333333333333326
2019-07-03,0.3055555555555556
2019-07-05,0.31481481481481477
2019-07-08,0.29999999999999993
2019-07-09,0.3
2019-07-10,0.26666666666666666
2019-07-11,0.31666666666666665
2019-07-12,0.30000000000000004
2019-07-15,0.33333333333333337
2019-07-16,0.30000000000000004
2019-07-17,0.31666666666666665
2019-07-18,0.30000000000000004
2019-07-19,0.3166666666666667
2019-07-22,0.33333333333333337
2019-07-23,0.2666666666666667
2019-07-24,0.31666666666666665
2019-07-25,0.30000000000000004
2019-07-26,0.31666666666666665
2019-07-29,0.2833333333333333
2019-07-30,0.3166666666666667
2019-07-31,0.33333333333333337
2019-08-01,0.33333333333333337
2019-08-02,0.2833333333333333
2019-08-05,0.25
2019-08-06,0.31666666666666665
2019-08-07,0.3333333333333333
2019-08-08,0.33333333333333337
2019-08-09,0.26666666666666666
2019-08-12,0.30000000000000004
2019-08-13,0.3125
2019-08-14,0.30000000000000004
2019-08-15,0.2833333333333333
2019-08-16,0.3125
2019-08-19,0.3333333333333333
2019-08-20,0.33333333333333326
2019-08-21,0.28571428571428575
2019-08-22,0.33333333333333337
2019-08-23,0.33333333333333326
2019-08-26,0.2833333333333333
2019-08-27,0.2833333333333333
2019-08-28,0.33333333333333337
2019-08-29,0.33333333333333326
2019-08-30,0.3333333333333333
2019-09-03,0.30000000000000004
2019-09-04,0.24242424242424243
2019-09-05,0.27083333333333337
2019-09-06,0.2833333333333333
2019-09-09,0.2833333333333333
2019-09-10,0.2666666666666666
2019-09-11,0.26666666666666666
2019-09-12,0.31666666666666665
2019-09-13,0.2833333333333333
2019-09-16,0.30000000000000004
2019-09-17,0.3157894736842105
2019-09-18,0.2833333333333333
2019-09-19,0.26666666666666666
2019-09-20,0.2666666666666666
2019-09-23,0.30000000000000004
2019-09-24,0.30000000000000004
2019-09-25,0.33333333333333337
2019-09-26,0.25
2019-09-27,0.3
2019-09-30,0.2833333333333333
2019-10-01,0.30000000000000004
2019-10-02,0.3
2019-10-03,0.3
2019-10-04,0.3333333333333333
2019-10-07,0.31666666666666665
2019-10-08,0.3166666666666667
2019-10-09,0.3137254901960784
2019-10-10,0.29411764705882354
2019-10-11,0.33333333333333337
2019-10-14,0.2631578947368421
2019-10-15,0.3333333333333333
2019-10-16,0.29999999999999993
2019-10-17,0.2982456140350877
2019-10-18,0.3333333333333333
2019-10-21,0.33333333333333326
2019-10-22,0.2833333333333333
2019-10-23,0.30000000000000004
2019-10-24,0.31666666666666665
2019-10-25,0.31666666666666665
2019-10-28,0.31666666666666665
2019-10-29,0.3
2019-10-30,0.31666666666666665
2019-10-31,0.33333333333333337
2019-11-01,0.2833333333333333
2019-11-04,0.31666666666666665
2019-11-05,0.33333333333333337
2019-11-06,0.3333333333333333
2019-11-07,0.31666666666666665
2019-11-08,0.26666666666666666
2019-11-11,0.2833333333333333
2019-11-12,0.30000000000000004
2019-11-13,0.33333333333333337
2019-11-14,0.31666666666666665
2019-11-15,0.3
2019-11-18,0.2833333333333333
2019-11-19,0.2833333333333333
2019-11-20,0.33333333333333337
2019-11-21,0.30000000000000004
2019-11-22,0.3166666666666667
2019-11-25,0.33333333333333337
2019-11-26,0.33333333333333337
2019-11-27,0.33333333333333337
2019-11-29,0.31666666666666665
2019-12-02,0.31666666666666665
2019-12-03,0.30000000000000004
2019-12-04,0.2833333333333333
2019-12-05,0.25
2019-12-06,0.33333333333333326
2019-12-09,0.2833333333333333
2019-12-10,0.2833333333333333
2019-12-11,0.31666666666666665
2019-12-12,0.30000000000000004
2019-12-13,0.3166666666666667
2019-12-16,0.3
2019-12-17,0.23333333333333334
2019-12-18,0.33333333333333337
2019-12-19,0.2666666666666666
2019-12-20,0.2982456140350877
2019-12-23,0.3
2019-12-24,0.33333333333333337
2019-12-26,0.29824561403508765
2019-12-27,0.33333333333333326
2019-12-30,0.33333333333333337
2019-12-31,0.31666666666666665
2020-01-02,0.31666666666666665
2020-01-03,0.33333333333333337
2020-01-06,0.2833333333333333
2020-01-07,0.30000000000000004
2020-01-08,0.3166666666666667
2020-01-09,0.31666666666666665
2020-01-10,0.3
2020-01-13,0.2833333333333333
2020-01-14,0.31666666666666665
2020-01-15,0.31666666666666665
2020-01-16,0.25925925925925924
2020-01-17,0.3137254901960784
2020-01-21,0.30000000000000004
2020-01-22,0.29999999999999993
2020-01-23,0.23333333333333334
2020-01-24,0.33333333333333337
2020-01-27,0.2666666666666667
2020-01-28,0.28333333333333327
2020-01-29,0.3166666666666667
2020-01-30,0.30000000000000004
2020-01-31,0.31666666666666665
2020-02-03,0.30000000000000004
2020-02-04,0.33333333333333326
2020-02-05,0.3333333333333333
2020-02-06,0.33333333333333326
2020-02-07,0.2982456140350877
2020-02-10,0.30000000000000004
2020-02-11,0.3111111111111111
2020-02-12,0.29999999999999993
2020-02-13,0.2833333333333333
2020-02-14,0.2982456140350877
2020-02-18,0.31666666666666665
2020-02-19,0.3
2020-02-20,0.31666666666666665
2020-02-21,0.33333333333333326
2020-02-24,0.31666666666666665
2020-02-25,0.3
2020-02-26,0.30000000000000004
2020-02-27,0.2666666666666667
2020-02-28,0.2833333333333333
2020-03-02,0.31666666666666665
2020-03-03,0.3333333333333333
2020-03-04,0.33333333333333337
2020-03-05,0.3166666666666667
2020-03-06,0.2833333333333333
2020-03-09,0.3
2020-03-10,0.33333333333333337
2020-03-11,0.31666666666666665
2020-03-12,0.33333333333333337
2020-03-13,0.33333333333333337
2020-03-16,0.2833333333333334
2020-03-17,0.31666666666666665
2020-03-18,0.2833333333333333
2020-03-19,0.31666666666666665
2020-03-20,0.33333333333333326
2020-03-23,0.33333333333333337
2020-03-24,0.3333333333333333
2020-03-25,0.3333333333333333
2020-03-26,0.3333333333333333
2020-03-27,0.3333333333333333
2020-03-30,0.33333333333333337
2020-03-31,0.3333333333333333
2020-04-01,0.3333333333333333
2020-04-02,0.25
2020-04-03,0.25
2020-04-06,0.3333333333333333
2020-04-07,0.3333333333333333
2020-04-08,0.33333333333333326
2020-04-09,0.3333333333333333
2020-04-13,0.29166666666666663
2020-04-14,0.26666666666666666
2020-04-15,0.33333333333333337
2020-04-16,0.30000000000000004
2020-04-17,0.33333333333333337
2020-04-20,0.33333333333333337
2020-04-21,0.33333333333333337
2020-04-22,0.3333333333333333
2020-04-23,0.3125
2020-04-24,0.31666666666666665
2020-04-27,0.3076923076923077
2020-04-28,0.31666666666666665
2020-04-29,0.3
2020-04-30,0.3
2020-05-01,0.33333333333333337
2020-05-04,0.31666666666666665
2020-05-05,0.33333333333333337
2020-05-06,0.31666666666666665
2020-05-07,0.2833333333333333
2020-05-08,0.3333333333333333
2020-05-11,0.3
2020-05-12,0.2833333333333333
2020-05-13,0.33333333333333326
2020-05-14,0.3333333333333333
2020-05-15,0.31666666666666665
2020-05-18,0.3333333333333333
2020-05-19,0.31666666666666665
2020-05-20,0.3333333333333333
2020-05-21,0.29824561403508776
2020-05-22,0.30000000000000004
2020-05-26,0.24999999999999997
2020-05-27,0.2982456140350877
2020-05-28,0.2833333333333333
2020-05-29,0.31666666666666665
2020-06-01,0.31481481481481477
2020-06-02,0.2888888888888889
2020-06-03,0.2982456140350877
2020-06-04,0.3
2020-06-05,0.2708333333333333
2020-06-08,0.2807017543859649
2020-06-09,0.31666666666666665
2020-06-10,0.2833333333333333
2020-06-11,0.31666666666666665
2020-06-12,0.25
2020-06-15,0.31666666666666665
2020-06-16,0.3333333333333333
2020-06-17,0.33333333333333337
2020-06-18,0.3157894736842105
2020-06-19,0.31666666666666665
2020-06-22,0.26666666666666666
2020-06-23,0.2631578947368421
2020-06-24,0.33333333333333326
2020-06-25,0.30000000000000004
2020-06-26,0.2833333333333333
2020-06-29,0.3
2020-06-30,0.31666666666666665
2020-07-01,0.3333333333333333
2020-07-02,0.2857142857142857
2020-07-06,0.3111111111111111
2020-07-07,0.33333333333333326
2020-07-08,0.31666666666666665
2020-07-09,0.31666666666666665
2020-07-10,0.33333333333333337
2020-07-13,0.33333333333333326
2020-07-14,0.3333333333333333
2020-07-15,0.33333333333333337
2020-07-16,0.2833333333333333
2020-07-17,0.2777777777777778
2020-07-20,0.33333333333333337
2020-07-21,0.3333333333333333
2020-07-22,0.2962962962962963
2020-07-23,0.3333333333333333
2020-07-24,0.30000000000000004
2020-07-27,0.26666666666666666
2020-07-28,0.33333333333333337
2020-07-29,0.2833333333333333
2020-07-30,0.26666666666666666
2020-07-31,0.3
2020-08-03,0.31666666666666665
2020-08-04,0.31666666666666665
2020-08-05,0.31666666666666665
2020-08-06,0.26666666666666666
2020-08-07,0.3333333333333333
2020-08-10,0.29999999999999993
2020-08-11,0.2833333333333333
2020-08-12,0.3137254901960784
2020-08-13,0.31666666666666665
2020-08-14,0.31666666666666665
2020-08-17,0.31666666666666665
2020-08-18,0.29999999999999993
2020-08-19,0.26666666666666666
2020-08-20,0.3333333333333333
2020-08-21,0.30000000000000004
2020-08-24,0.3
2020-08-25,0.31666666666666665
2020-08-26,0.2833333333333333
2020-08-27,0.2666666666666666
2020-08-28,0.2631578947368421
2020-08-31,0.30000000000000004
2020-09-01,0.30000000000000004
2020-09-02,0.3333333333333333
2020-09-03,0.30000000000000004
2020-09-04,0.30000000000000004
2020-09-08,0.19999999999999996
2020-09-09,0.33333333333333326
2020-09-10,0.3166666666666667
2020-09-11,0.3
2020-09-14,0.3333333333333333
2020-09-15,0.30000000000000004
2020-09-16,0.31481481481481477
2020-09-17,0.2833333333333333
2020-09-18,0.33333333333333337
2020-09-21,0.3333333333333333
2020-09-22,0.31666666666666665
2020-09-23,0.2833333333333333
2020-09-24,0.3166666666666667
2020-09-25,0.31666666666666665
2020-09-28,0.3333333333333333
2020-09-29,0.3333333333333333
2020-09-30,0.2777777777777778
2020-10-01,0.3
2020-10-02,0.3157894736842105
2020-10-05,0.26666666666666666
2020-10-06,0.3
2020-10-07,0.3333333333333333
2020-10-08,0.3333333333333333
2020-10-09,0.3
2020-10-12,0.29629629629629634
2020-10-13,0.31666666666666665
2020-10-14,0.2833333333333333
2020-10-15,0.3333333333333333
2020-10-16,0.26666666666666666
2020-10-19,0.2833333333333333
2020-10-20,0.3
2020-10-21,0.3166666666666667
2020-10-22,0.3333333333333333
2020-10-23,0.31666666666666665
2020-10-26,0.3166666666666667
2020-10-27,0.3166666666666667
2020-10-28,0.2833333333333333
2020-10-29,0.3
2020-10-30,0.33333333333333337
2020-11-02,0.31666666666666665
2020-11-03,0.3333333333333333
2020-11-04,0.33333333333333326
2020-11-05,0.3333333333333333
2020-11-06,0.3137254901960784
2020-11-09,0.29999999999999993
2020-11-10,0.31666666666666665
2020-11-11,0.3137254901960784
2020-11-12,0.33333333333333326
2020-11-13,0.3333333333333333
2020-11-16,0.2592592592592592
2020-11-17,0.31666666666666665
2020-11-18,0.31666666666666665
2020-11-19,0.29999999999999993
2020-11-20,0.31666666666666665
2020-11-23,0.24999999999999997
2020-11-24,0.26666666666666666
2020-11-25,0.3
2020-11-27,0.29824561403508776
2020-11-30,0.30000000000000004
2020-12-01,0.2833333333333333
2020-12-02,0.3
2020-12-03,0.33333333333333326
2020-12-04,0.30000000000000004
2020-12-07,0.2333333333333333
2020-12-08,0.29999999999999993
2020-12-09,0.2666666666666666
2020-12-10,0.3
2020-12-11,0.30000000000000004
2020-12-14,0.3333333333333333
2020-12-15,0.3333333333333333
2020-12-16,0.3333333333333333
2020-12-17,0.31666666666666665
2020-12-18,0.31666666666666665
2020-12-21,0.31666666666666665
2020-12-22,0.26666666666666666
2020-12-23,0.3166666666666667
2020-12-24,0.3333333333333333
2020-12-28,0.33333333333333337
2020-12-29,0.2833333333333333
2020-12-30,0.29824561403508765
2020-12-31,0.2833333333333333
2021-01-04,0.3
2021-01-05,0.21666666666666665
2021-01-06,0.31666666666666665
2021-01-07,0.31666666666666665
2021-01-08,0.3
2021-01-11,0.33333333333333337
2021-01-12,0.2666666666666666
2021-01-13,0.3333333333333333
2021-01-14,0.30000000000000004
2021-01-15,0.3
2021-01-19,0.2833333333333333
2021-01-20,0.30000000000000004
2021-01-21,0.3166666666666667
2021-01-22,0.2833333333333333
2021-01-25,0.26666666666666666
2021-01-26,0.30000000000000004
2021-01-27,0.2833333333333333
2021-01-28,0.33333333333333337
2021-01-29,0.30000000000000004
2021-02-01,0.33333333333333337
2021-02-02,0.31666666666666665
2021-02-03,0.3333333333333333
2021-02-04,0.2962962962962963
2021-02-05,0.28571428571428575
2021-02-08,0.2962962962962963
2021-02-09,0.3333333333333333
2021-02-10,0.3148148148148148
2021-02-11,0.2833333333333333
2021-02-12,0.26666666666666666
2021-02-16,0.31666666666666665
2021-02-17,0.33333333333333337
2021-02-18,0.31666666666666665
2021-02-19,0.31666666666666665
2021-02-22,0.2833333333333333
2021-02-23,0.30000000000000004
2021-02-24,0.29999999999999993
2021-02-25,0.2833333333333333
2021-02-26,0.3
2021-03-01,0.3333333333333333
2021-03-02,0.31666666666666665
2021-03-03,0.30000000000000004
2021-03-04,0.3333333333333333
2021-03-05,0.3148148148148148
2021-03-08,0.2666666666666667
2021-03-09,0.3333333333333333
2021-03-10,0.33333333333333337
2021-03-11,0.33333333333333337
2021-03-12,0.26666666666666666
2021-03-15,0.33333333333333326
2021-03-16,0.31666666666666665
2021-03-17,0.2833333333333333
2021-03-18,0.3166666666666667
2021-03-19,0.3166666666666667
2021-03-22,0.31666666666666665
2021-03-23,0.33333333333333337
2021-03-24,0.31666666666666665
2021-03-25,0.3333333333333333
2021-03-26,0.33333333333333326
2021-03-29,0.2833333333333334
2021-03-30,0.2777777777777778
2021-03-31,0.2833333333333333
2021-04-01,0.33333333333333337
2021-04-05,0.3076923076923077
2021-04-06,0.29999999999999993
2021-04-07,0.29999999999999993
2021-04-08,0.2666666666666667
2021-04-09,0.29999999999999993
2021-04-12,0.29999999999999993
2021-04-13,0.25
2021-04-14,0.33333333333333337
2021-04-15,0.29999999999999993
2021-04-16,0.2807017543859649
2021-04-19,0.23333333333333336
2021-04-20,0.31666666666666665
2021-04-21,0.33333333333333337
2021-04-22,0.31666666666666665
2021-04-23,0.33333333333333326
2021-04-26,0.3333333333333333
2021-04-27,0.2833333333333333
2021-04-28,0.31666666666666665
2021-04-29,0.33333333333333337
2021-04-30,0.3333333333333333
2021-05-03,0.33333333333333337
2021-05-04,0.31666666666666665
2021-05-05,0.3166666666666667
2021-05-06,0.25
2021-05-07,0.3333333333333333
2021-05-10,0.30000000000000004
2021-05-11,0.31666666666666665
2021-05-12,0.31666666666666665
2021-05-13,0.2
2021-05-14,0.3333333333333333
2021-05-17,0.3333333333333333
2021-05-18,0.3333333333333333
2021-05-19,0.33333333333333337
2021-05-20,0.3333333333333333
2021-05-21,0.33333333333333337
2021-05-24,0.2833333333333333
2021-05-25,0.3
2021-05-26,0.3166666666666667
2021-05-27,0.2666666666666666
2021-05-28,0.33333333333333337
2021-06-01,0.25
2021-06-02,0.33333333333333337
2021-06-03,0.31666666666666665
2021-06-04,0.3333333333333333
2021-06-07,0.30000000000000004
2021-06-08,0.3166666666666667
2021-06-09,0.25
2021-06-10,0.30000000000000004
2021-06-11,0.2666666666666667
2021-06-14,0.25
2021-06-15,0.2833333333333333
2021-06-16,0.2833333333333333
2021-06-17,0.2833333333333333
2021-06-18,0.30000000000000004
2021-06-21,0.33333333333333337
2021-06-22,0.3333333333333333
2021-06-23,0.31666666666666665
2021-06-24,0.33333333333333337
2021-06-25,0.3137254901960784
2021-06-28,0.31666666666666665
2021-06-29,0.24999999999999997
2021-06-30,0.3333333333333333
2021-07-01,0.31666666666666665
2021-07-02,0.31666666666666665
2021-07-06,0.2833333333333334
2021-07-07,0.26666666666666666
2021-07-08,0.2833333333333333
2021-07-09,0.33333333333333337
2021-07-12,0.31666666666666665
2021-07-13,0.33333333333333337
2021-07-14,0.33333333333333337
2021-07-15,0.31666666666666665
2021-07-16,0.31666666666666665
2021-07-19,0.31666666666666665
2021-07-20,0.33333333333333337
2021-07-21,0.3333333333333333
2021-07-22,0.33333333333333326
2021-07-23,0.26666666666666666
2021-07-26,0.3137254901960784
2021-07-27,0.31666666666666665
2021-07-28,0.33333333333333337
2021-07-29,0.29824561403508776
2021-07-30,0.33333333333333337
2021-08-02,0.3
2021-08-03,0.24999999999999997
2021-08-04,0.26666666666666666
2021-08-05,0.31666666666666665
2021-08-06,0.3
2021-08-09,0.30000000000000004
2021-08-10,0.29999999999999993
2021-08-11,0.26666666666666666
2021-08-12,0.2833333333333333
2021-08-13,0.3
2021-08-16,0.33333333333333337
2021-08-17,0.24999999999999997
2021-08-18,0.3
2021-08-19,0.25
2021-08-20,0.2833333333333333
2021-08-23,0.33333333333333337
2021-08-24,0.33333333333333326
2021-08-25,0.33333333333333337
2021-08-26,0.2666666666666667
2021-08-27,0.2833333333333333
2021-08-30,0.2833333333333333
2021-08-31,0.2833333333333333
2021-09-01,0.2833333333333333
2021-09-02,0.3157894736842105
2021-09-03,0.2833333333333333
2021-09-07,0.2666666666666667
2021-09-08,0.3
2021-09-09,0.33333333333333337
2021-09-10,0.33333333333333337
2021-09-13,0.33333333333333337
2021-09-14,0.31666666666666665
2021-09-15,0.31666666666666665
2021-09-16,0.31666666666666665
2021-09-17,0.33333333333333337
2021-09-20,0.2833333333333333
2021-09-21,0.30000000000000004
2021-09-22,0.33333333333333326
2021-09-23,0.3333333333333333
2021-09-24,0.33333333333333326
2021-09-27,0.3333333333333333
2021-09-28,0.3
2021-09-29,0.31666666666666665
2021-09-30,0.33333333333333337
2021-10-01,0.33333333333333337
2021-10-04,0.23333333333333336
2021-10-05,0.33333333333333326
2021-10-06,0.3148148148148148
2021-10-07,0.3333333333333333
2021-10-08,0.2833333333333334
2021-10-11,0.2833333333333333
2021-10-12,0.30000000000000004
2021-10-13,0.3
2021-10-14,0.3333333333333333
2021-10-15,0.29999999999999993
2021-10-18,0.3166666666666667
2021-10-19,0.2962962962962963
2021-10-20,0.2941176470588235
2021-10-21,0.25
2021-10-22,0.29999999999999993
2021-10-25,0.2833333333333333
2021-10-26,0.29999999999999993
2021-10-27,0.31666666666666665
2021-10-28,0.31666666666666665
2021-10-29,0.3166666666666667
2021-11-01,0.33333333333333337
2021-11-02,0.2833333333333333
2021-11-03,0.3166666666666666
2021-11-04,0.3
2021-11-05,0.24999999999999997
2021-11-08,0.3157894736842105
2021-11-09,0.31666666666666665
2021-11-10,0.3166666666666667
2021-11-11,0.2833333333333333
2021-11-12,0.3333333333333333
2021-11-15,0.3333333333333333
2021-11-16,0.3166666666666667
2021-11-17,0.33333333333333337
2021-11-18,0.30000000000000004
2021-11-19,0.26666666666666666
2021-11-22,0.33333333333333337
2021-11-23,0.31666666666666665
2021-11-24,0.31666666666666665
2021-11-26,0.31666666666666665
2021-11-29,0.2833333333333333
2021-11-30,0.2833333333333333
2021-12-01,0.31666666666666665
2021-12-02,0.33333333333333337
2021-12-03,0.31666666666666665
2021-12-06,0.33333333333333337
2021-12-07,0.3125
2021-12-08,0.3333333333333333
2021-12-09,0.26666666666666666
2021-12-10,0.3333333333333333
2021-12-13,0.3333333333333333
2021-12-14,0.31666666666666665
2021-12-15,0.2962962962962963
2021-12-16,0.30000000000000004
2021-12-17,0.31666666666666665
2021-12-20,0.2833333333333333
2021-12-21,0.3333333333333333
2021-12-22,0.33333333333333326
2021-12-23,0.3333333333333333
2021-12-27,0.3055555555555555
2021-12-28,0.2962962962962963
2021-12-29,0.24561403508771928
2021-12-30,0.3333333333333333
2021-12-31,0.3
2022-01-03,0.3
2022-01-04,0.33333333333333337
2022-01-05,0.21666666666666667
2022-01-06,0.30000000000000004
2022-01-07,0.26666666666666666
2022-01-10,0.30000000000000004
2022-01-11,0.31666666666666665
2022-01-12,0.33333333333333326
2022-01-13,0.30000000000000004
2022-01-14,0.2666666666666666
2022-01-18,0.29999999999999993
2022-01-19,0.33333333333333326
2022-01-20,0.3333333333333333
2022-01-21,0.31666666666666665
2022-01-24,0.3166666666666667
2022-01-25,0.3333333333333333
2022-01-26,0.3333333333333333
2022-01-27,0.2833333333333333
2022-01-28,0.3333333333333333
2022-01-31,0.33333333333333337
2022-02-01,0.3333333333333333
2022-02-02,0.3157894736842105
2022-02-03,0.33333333333333337
2022-02-04,0.33333333333333337
2022-02-07,0.33333333333333326
2022-02-08,0.31666666666666665
2022-02-09,0.3333333333333333
2022-02-10,0.31666666666666665
2022-02-11,0.31666666666666665
2022-02-14,0.29999999999999993
2022-02-15,0.26666666666666666
2022-02-16,0.31666666666666665
2022-02-17,0.25
2022-02-18,0.29999999999999993
2022-02-22,0.31666666666666665
2022-02-23,0.3333333333333333
2022-02-24,0.2833333333333333
2022-02-25,0.3333333333333333
2022-02-28,0.31666666666666665
2022-03-01,0.30000000000000004
2022-03-02,0.3333333333333333
2022-03-03,0.3148148148148148
2022-03-04,0.2833333333333333
2022-03-07,0.2833333333333333
2022-03-08,0.2833333333333333
2022-03-09,0.33333333333333326
2022-03-10,0.33333333333333326
2022-03-11,0.31666666666666665
2022-03-14,0.2666666666666666
2022-03-15,0.2982456140350877
2022-03-16,0.33333333333333326
2022-03-17,0.33333333333333337
2022-03-18,0.33333333333333337
2022-03-21,0.3148148148148148
2022-03-22,0.26666666666666666
2022-03-23,0.33333333333333337
2022-03-24,0.33333333333333337
2022-03-25,0.2564102564102564
2022-03-28,0.31666666666666665
2022-03-29,0.2619047619047619
2022-03-30,0.30000000000000004
2022-03-31,0.30000000000000004
2022-04-01,0.3333333333333333
2022-04-04,0.30000000000000004
2022-04-05,0.33333333333333337
2022-04-06,0.31666666666666665
2022-04-07,0.3
2022-04-08,0.25
2022-04-11,0.33333333333333337
2022-04-12,0.25000000000000006
2022-04-13,0.3
2022-04-14,0.3
2022-04-18,0.33333333333333337
2022-04-19,0.29411764705882354
2022-04-20,0.30000000000000004
2022-04-21,0.30000000000000004
2022-04-22,0.31666666666666665
2022-04-25,0.30000000000000004
2022-04-26,0.33333333333333337
2022-04-27,0.2833333333333334
2022-04-28,0.3333333333333333
2022-04-29,0.33333333333333337
2022-05-02,0.3
2022-05-03,0.33333333333333337
2022-05-04,0.33333333333333337
2022-05-05,0.2833333333333333
2022-05-06,0.31666666666666665
2022-05-09,0.33333333333333337
2022-05-10,0.2666666666666667
2022-05-11,0.31666666666666665
2022-05-12,0.29999999999999993
2022-05-13,0.3333333333333333
2022-05-16,0.33333333333333337
2022-05-17,0.33333333333333337
2022-05-18,0.3
2022-05-19,0.3333333333333333
2022-05-20,0.31578947368421056
2022-05-23,0.3333333333333333
2022-05-24,0.33333333333333337
2022-05-25,0.29824561403508776
2022-05-26,0.33333333333333337
2022-05-27,0.3333333333333333
2022-05-31,0.2857142857142857
2022-06-01,0.3
2022-06-02,0.2962962962962963
2022-06-03,0.3
2022-06-06,0.29999999999999993
2022-06-07,0.3148148148148149
2022-06-08,0.31666666666666665
2022-06-09,0.3333333333333333
2022-06-10,0.31666666666666665
2022-06-13,0.31666666666666665
2022-06-14,0.31666666666666665
2022-06-15,0.33333333333333326
2022-06-16,0.30000000000000004
2022-06-17,0.31666666666666665
2022-06-21,0.33333333333333337
2022-06-22,0.31666666666666665
2022-06-23,0.2
2022-06-24,0.2666666666666666
2022-06-27,0.3055555555555556
2022-06-28,0.31666666666666665
2022-06-29,0.33333333333333337
2022-06-30,0.33333333333333337
2022-07-01,0.3
2022-07-05,0.33333333333333337
2022-07-06,0.2833333333333334
2022-07-07,0.33333333333333337
2022-07-08,0.31666666666666665
2022-07-11,0.3166666666666667
2022-07-12,0.3333333333333333
2022-07-13,0.31666666666666665
2022-07-14,0.33333333333333337
2022-07-15,0.30000000000000004
2022-07-18,0.33333333333333337
2022-07-19,0.33333333333333337
2022-07-20,0.25000000000000006
2022-07-21,0.25
2022-07-22,0.2982456140350877
2022-07-25,0.2833333333333334
2022-07-26,0.33333333333333326
2022-07-27,0.3157894736842105
2022-07-28,0.3166666666666667
2022-07-29,0.3333333333333333
2022-08-01,0.33333333333333337
2022-08-02,0.3
2022-08-03,0.3157894736842105
2022-08-04,0.3
2022-08-05,0.23333333333333334
2022-08-08,0.33333333333333337
2022-08-09,0.33333333333333337
2022-08-10,0.31666666666666665
2022-08-11,0.3111111111111111
2022-08-12,0.33333333333333337
2022-08-15,0.2777777777777778
2022-08-16,0.3333333333333333
2022-08-17,0.3333333333333333
2022-08-18,0.33333333333333337
2022-08-19,0.33333333333333337
2022-08-22,0.31666666666666665
2022-08-23,0.23333333333333336
2022-08-24,0.33333333333333326
2022-08-25,0.31666666666666665
2022-08-26,0.31666666666666665
2022-08-29,0.29999999999999993
2022-08-30,0.29999999999999993
2022-08-31,0.31666666666666665
2022-09-01,0.2666666666666667
2022-09-02,0.33333333333333337
2022-09-06,0.30000000000000004
2022-09-07,0.33333333333333337
2022-09-08,0.33333333333333337
2022-09-09,0.3333333333333333
2022-09-12,0.33333333333333337
2022-09-13,0.31666666666666665
2022-09-14,0.31666666666666665
2022-09-15,0.33333333333333337
2022-09-16,0.31666666666666665
2022-09-19,0.31666666666666665
2022-09-20,0.3166666666666667
2022-09-21,0.33333333333333337
2022-09-22,0.31666666666666665
2022-09-23,0.30000000000000004
2022-09-26,0.3
2022-09-27,0.31666666666666665
2022-09-28,0.31666666666666665
2022-09-29,0.2833333333333333
2022-09-30,0.3166666666666667
2022-10-03,0.3333333333333333
2022-10-04,0.33333333333333337
2022-10-05,0.33333333333333326
2022-10-06,0.3333333333333333
2022-10-07,0.33333333333333337
2022-10-10,0.31666666666666665
2022-10-11,0.33333333333333337
2022-10-12,0.30000000000000004
2022-10-13,0.31666666666666665
2022-10-14,0.33333333333333337
2022-10-17,0.33333333333333337
2022-10-18,0.30303030303030304
2022-10-19,0.23333333333333334
2022-10-20,0.31666666666666665
2022-10-21,0.30000000000000004
2022-10-24,0.26666666666666666
2022-10-25,0.33333333333333337
2022-10-26,0.3333333333333333
2022-10-27,0.3157894736842105
2022-10-28,0.2916666666666667
2022-10-31,0.3125
2022-11-01,0.2666666666666666
2022-11-02,0.33333333333333337
2022-11-03,0.3
2022-11-04,0.30000000000000004
2022-11-07,0.30000000000000004
2022-11-08,0.33333333333333337
2022-11-09,0.30000000000000004
2022-11-10,0.3148148148148148
2022-11-11,0.2807017543859649
2022-11-14,0.2833333333333333
2022-11-15,0.2380952380952381
2022-11-16,0.33333333333333337
2022-11-17,0.29999999999999993
2022-11-18,0.3333333333333333
2022-11-21,0.3
2022-11-22,0.3
2022-11-23,0.31666666666666665
2022-11-25,0.33333333333333337
2022-11-28,0.31666666666666665
2022-11-29,0.31666666666666665
2022-11-30,0.33333333333333337
2022-12-01,0.30000000000000004
2022-12-02,0.3166666666666667
2022-12-05,0.29999999999999993
2022-12-06,0.33333333333333337
2022-12-07,0.30000000000000004
2022-12-08,0.31666666666666665
2022-12-09,0.25
2022-12-12,0.3333333333333333
2022-12-13,0.31666666666666665
2022-12-14,0.31666666666666665
2022-12-15,0.31666666666666665
2022-12-16,0.25
2022-12-19,0.2833333333333334
2022-12-20,0.3
2022-12-21,0.31666666666666665
2022-12-22,0.3
2022-12-23,0.2807017543859649
2022-12-27,0.2833333333333333
2022-12-28,0.2833333333333333
2022-12-29,0.33333333333333337
2022-12-30,0.31666666666666665
2023-01-03,0.3333333333333333
2023-01-04,0.2833333333333333
2023-01-05,0.3333333333333333
2023-01-06,0.31666666666666665
2023-01-09,0.26666666666666666
2023-01-10,0.31666666666666665
2023-01-11,0.2962962962962963
2023-01-12,0.2833333333333333
2023-01-13,0.2564102564102564
2023-01-17,0.31666666666666665
2023-01-18,0.24999999999999997
2023-01-19,0.31666666666666665
2023-01-20,0.31666666666666665
2023-01-23,0.3166666666666667
2023-01-24,0.31666666666666665
2023-01-25,0.24074074074074073
2023-01-26,0.29999999999999993
2023-01-27,0.26666666666666666
2023-01-30,0.3
2023-01-31,0.31666666666666665
2023-02-01,0.29999999999999993
2023-02-02,0.33333333333333337
2023-02-03,0.31666666666666665
2023-02-06,0.30000000000000004
2023-02-07,0.33333333333333337
2023-02-08,0.2833333333333333
2023-02-09,0.31666666666666665
2023-02-10,0.31666666666666665
2023-02-13,0.31666666666666665
2023-02-14,0.3
2023-02-15,0.3
2023-02-16,0.33333333333333337
2023-02-17,0.33333333333333337
2023-02-21,0.31666666666666665
2023-02-22,0.2833333333333333
2023-02-23,0.33333333333333326
2023-02-24,0.3166666666666667
2023-02-27,0.33333333333333337
2023-02-28,0.31666666666666665
2023-03-01,0.33333333333333337
2023-03-02,0.3
2023-03-03,0.33333333333333337
2023-03-06,0.33333333333333337
2023-03-07,0.2833333333333333
2023-03-08,0.31666666666666665
2023-03-09,0.3166666666666667
2023-03-10,0.3333333333333333
2023-03-13,0.2666666666666667
2023-03-14,0.3333333333333333
2023-03-15,0.31666666666666665
2023-03-16,0.33333333333333337
2023-03-17,0.31666666666666665
2023-03-20,0.33333333333333326
2023-03-21,0.3125
2023-03-22,0.30000000000000004
2023-03-23,0.31666666666666665
2023-03-24,0.31481481481481477
2023-03-27,0.33333333333333326
2023-03-28,0.3166666666666667
2023-03-29,0.2962962962962963
2023-03-30,0.3333333333333333
2023-03-31,0.33333333333333326
2023-04-03,0.2777777777777778
2023-04-04,0.29999999999999993
2023-04-05,0.30000000000000004
2023-04-06,0.33333333333333337
2023-04-10,0.33333333333333337
2023-04-11,0.33333333333333337
2023-04-12,0.2833333333333333
2023-04-13,0.31666666666666665
2023-04-14,0.31666666666666665
2023-04-17,0.33333333333333326
2023-04-18,0.31666666666666665
2023-04-19,0.3333333333333333
2023-04-20,0.31666666666666665
2023-04-21,0.2666666666666667
2023-04-24,0.2833333333333334
2023-04-25,0.30000000000000004
2023-04-26,0.31666666666666665
2023-04-27,0.31666666666666665
2023-04-28,0.3333333333333333
2023-05-01,0.3333333333333333
2023-05-02,0.29999999999999993
2023-05-03,0.33333333333333337
2023-05-04,0.31666666666666665
2023-05-05,0.3333333333333333
2023-05-08,0.33333333333333337
2023-05-09,0.31666666666666665
2023-05-10,0.3333333333333333
2023-05-11,0.33333333333333337
2023-05-12,0.31666666666666665
2023-05-15,0.3
2023-05-16,0.31666666666666665
2023-05-17,0.3
2023-05-18,0.23333333333333336
2023-05-19,0.2666666666666666
2023-05-22,0.2833333333333333
2023-05-23,0.31666666666666665
2023-05-24,0.29999999999999993
2023-05-25,0.26666666666666666
2023-05-26,0.31666666666666665
2023-05-30,0.2833333333333333
2023-05-31,0.31666666666666665
2023-06-01,0.25
2023-06-02,0.3333333333333333
2023-06-05,0.31666666666666665
2023-06-06,0.29824561403508776
2023-06-07,0.30000000000000004
2023-06-08,0.31578947368421056
2023-06-09,0.3137254901960784
2023-06-12,0.3
2023-06-13,0.3333333333333333
2023-06-14,0.2833333333333333
2023-06-15,0.2592592592592592
2023-06-16,0.29824561403508765
2023-06-20,0.30000000000000004
2023-06-21,0.3333333333333333
2023-06-22,0.3
2023-06-23,0.31666666666666665
2023-06-26,0.26666666666666666
2023-06-27,0.31666666666666665
2023-06-28,0.3333333333333333
2023-06-29,0.31666666666666665
2023-06-30,0.3333333333333333
2023-07-03,0.2982456140350877
2023-07-05,0.2666666666666666
2023-07-06,0.3333333333333333
2023-07-07,0.33333333333333337
2023-07-10,0.33333333333333337
2023-07-11,0.33333333333333337
2023-07-12,0.2833333333333334
2023-07-13,0.31666666666666665
2023-07-14,0.2833333333333333
2023-07-17,0.33333333333333337
2023-07-18,0.30000000000000004
2023-07-19,0.3333333333333333
2023-07-20,0.3333333333333333
2023-07-21,0.33333333333333337
2023-07-24,0.25925925925925924
2023-07-25,0.31666666666666665
2023-07-26,0.33333333333333337
2023-07-27,0.3
2023-07-28,0.2666666666666667
2023-07-31,0.3166666666666667
2023-08-01,0.30000000000000004
2023-08-02,0.3
2023-08-03,0.3166666666666667
2023-08-04,0.2666666666666667
2023-08-07,0.3333333333333333
2023-08-08,0.33333333333333337
2023-08-09,0.33333333333333337
2023-08-10,0.33333333333333337
2023-08-11,0.33333333333333337
2023-08-14,0.29999999999999993
2023-08-15,0.2833333333333333
2023-08-16,0.33333333333333337
2023-08-17,0.31666666666666665
2023-08-18,0.30000000000000004
2023-08-21,0.31666666666666665
2023-08-22,0.3166666666666667
2023-08-23,0.30000000000000004
2023-08-24,0.31666666666666665
2023-08-25,0.31666666666666665
2023-08-28,0.31666666666666665
2023-08-29,0.3333333333333333
2023-08-30,0.33333333333333337
2023-08-31,0.31666666666666665
2023-09-01,0.33333333333333337
2023-09-05,0.33333333333333337
2023-09-06,0.2666666666666667
2023-09-07,0.33333333333333337
2023-09-08,0.30000000000000004
2023-09-11,0.3
2023-09-12,0.3166666666666667
2023-09-13,0.3333333333333333
2023-09-14,0.3157894736842105
2023-09-15,0.2833333333333333
2023-09-18,0.3166666666666667
2023-09-19,0.33333333333333337
2023-09-20,0.30000000000000004
2023-09-21,0.30000000000000004
2023-09-22,0.2833333333333333
2023-09-25,0.31666666666666665
2023-09-26,0.33333333333333337
2023-09-27,0.3166666666666667
2023-09-28,0.2666666666666667
2023-09-29,0.3
2023-10-02,0.3
2023-10-03,0.31666666666666665
2023-10-04,0.33333333333333326
2023-10-05,0.31666666666666665
2023-10-06,0.31666666666666665
2023-10-09,0.3
2023-10-10,0.31666666666666665
2023-10-11,0.2631578947368421
2023-10-12,0.2833333333333333
2023-10-13,0.31666666666666665
2023-10-16,0.33333333333333337
2023-10-17,0.33333333333333337
2023-10-18,0.3
2023-10-19,0.29999999999999993
2023-10-20,0.2833333333333333
2023-10-23,0.30000000000000004
2023-10-24,0.33333333333333337
2023-10-25,0.2666666666666667
2023-10-26,0.31666666666666665
2023-10-27,0.26666666666666666
2023-10-30,0.3
2023-10-31,0.33333333333333337
2023-11-01,0.31666666666666665
2023-11-02,0.3157894736842105
2023-11-03,0.30000000000000004
2023-11-06,0.3157894736842105
2023-11-07,0.31481481481481477
2023-11-08,0.33333333333333337
2023-11-09,0.33333333333333337
2023-11-10,0.3157894736842105
2023-11-13,0.3
2023-11-14,0.33333333333333337
2023-11-15,0.3157894736842105
2023-11-16,0.3333333333333333
2023-11-17,0.33333333333333337
2023-11-20,0.2777777777777778
2023-11-21,0.2982456140350877
2023-11-22,0.3
2023-11-24,0.2962962962962963
2023-11-27,0.2833333333333333
2023-11-28,0.31666666666666665
2023-11-29,0.3
2023-11-30,0.29999999999999993
2023-12-01,0.29999999999999993
2023-12-04,0.2833333333333334
2023-12-05,0.2833333333333333
2023-12-06,0.2833333333333333
2023-12-07,0.3333333333333333
2023-12-08,0.31666666666666665
2023-12-11,0.33333333333333337
2023-12-12,0.2833333333333333
2023-12-13,0.3157894736842105
2023-12-14,0.2962962962962963
2023-12-15,0.33333333333333337
2023-12-18,0.27777777777777773
2023-12-19,0.3137254901960784
2023-12-20,0.26666666666666666
2023-12-21,0.3
2023-12-22,0.30000000000000004
2023-12-26,0.33333333333333337
2023-12-27,0.2833333333333333
2023-12-28,0.3148148148148148
2023-12-29,0.30000000000000004
2024-01-02,0.31666666666666665
2024-01-03,0.3
2024-01-04,0.31666666666666665
2024-01-05,0.33333333333333337
2024-01-08,0.31666666666666665
2024-01-09,0.33333333333333326
2024-01-10,0.31666666666666665
2024-01-11,0.3166666666666667
2024-01-12,0.33333333333333337
2024-01-16,0.26666666666666666
2024-01-17,0.33333333333333337
2024-01-18,0.30000000000000004
2024-01-19,0.3333333333333333
2024-01-22,0.31666666666666665
2024-01-23,0.2666666666666666
2024-01-24,0.23333333333333336
2024-01-25,0.31666666666666665
2024-01-26,0.3157894736842105
2024-01-29,0.3333333333333333
2024-01-30,0.2833333333333334
2024-01-31,0.29999999999999993
2024-02-01,0.31666666666666665
2024-02-02,0.2666666666666667
2024-02-05,0.3
2024-02-06,0.31666666666666665
2024-02-07,0.26666666666666666
2024-02-08,0.3
2024-02-09,0.3
2024-02-12,0.33333333333333337
2024-02-13,0.33333333333333326
2024-02-14,0.20000000000000004
2024-02-15,0.33333333333333337
2024-02-16,0.3
2024-02-20,0.30000000000000004
2024-02-21,0.31666666666666665
2024-02-22,0.33333333333333337
2024-02-23,0.3333333333333333
2024-02-26,0.3166666666666667
2024-02-27,0.33333333333333337
2024-02-28,0.3
2024-02-29,0.3166666666666667
2024-03-01,0.2833333333333334
2024-03-04,0.2833333333333334
2024-03-05,0.2833333333333333
2024-03-06,0.3166666666666667
2024-03-07,0.31666666666666665
2024-03-08,0.33333333333333337
2024-03-11,0.33333333333333337
2024-03-12,0.3157894736842105
2024-03-13,0.31666666666666665
2024-03-14,0.33333333333333337
2024-03-15,0.3
2024-03-18,0.26666666666666666
2024-03-19,0.31666666666666665
2024-03-20,0.31666666666666665
2024-03-21,0.25
2024-03-22,0.2833333333333333
2024-03-25,0.33333333333333326
2024-03-26,0.25
2024-03-27,0.31666666666666665
2024-03-28,0.3333333333333333
2024-04-01,0.3333333333333333
2024-04-02,0.3
2024-04-03,0.3333333333333333
2024-04-04,0.2833333333333333
2024-04-05,0.2833333333333334
2024-04-08,0.3
2024-04-09,0.33333333333333337
2024-04-10,0.30000000000000004
2024-04-11,0.3
2024-04-12,0.31666666666666665
2024-04-15,0.31666666666666665
2024-04-16,0.3
2024-04-17,0.31666666666666665
2024-04-18,0.30000000000000004
2024-04-19,0.3333333333333333
2024-04-22,0.31666666666666665
2024-04-23,0.31666666666666665
2024-04-24,0.33333333333333337
2024-04-25,0.3166666666666666
2024-04-26,0.3166666666666667
2024-04-29,0.33333333333333337
2024-04-30,0.30000000000000004
2024-05-01,0.31666666666666665
2024-05-02,0.2833333333333334
2024-05-03,0.33333333333333337
2024-05-06,0.31666666666666665
2024-05-07,0.29824561403508776
2024-05-08,0.33333333333333337
2024-05-09,0.3076923076923077
2024-05-10,0.2807017543859649
2024-05-13,0.31666666666666665
2024-05-14,0.31481481481481477
2024-05-15,0.2807017543859649
2024-05-16,0.23333333333333336
2024-05-17,0.24074074074074076
2024-05-20,0.31666666666666665
2024-05-21,0.26666666666666666
2024-05-22,0.3
2024-05-23,0.31666666666666665
2024-05-24,0.30000000000000004
2024-05-28,0.33333333333333337
2024-05-29,0.33333333333333337
2024-05-30,0.25
2024-05-31,0.3333333333333333
2024-06-03,0.31666666666666665
2024-06-04,0.33333333333333337
2024-06-05,0.33333333333333337
2024-06-06,0.3333333333333333
2024-06-07,0.30000000000000004
2024-06-10,0.31666666666666665
2024-06-11,0.31666666666666665
2024-06-12,0.3
2024-06-13,0.31666666666666665
2024-06-14,0.26666666666666666
2024-06-17,0.3166666666666667
2024-06-18,0.2833333333333333
2024-06-20,0.2833333333333333
2024-06-21,0.30000000000000004
2024-06-24,0.3333333333333333
2024-06-25,0.3
2024-06-26,0.31666666666666665
2024-06-27,0.33333333333333326
2024-06-28,0.31666666666666665
2024-07-01,0.3166666666666667
2024-07-02,0.30000000000000004
2024-07-03,0.31666666666666665
2024-07-05,0.3333333333333333
2024-07-08,0.2666666666666666
2024-07-09,0.2833333333333333
2024-07-10,0.31666666666666665
2024-07-11,0.30000000000000004
2024-07-12,0.33333333333333337
2024-07-15,0.27450980392156865
2024-07-16,0.31666666666666665
2024-07-17,0.2833333333333333
2024-07-18,0.2666666666666667
2024-07-19,0.3333333333333333
2024-07-22,0.3333333333333333
2024-07-23,0.33333333333333337
2024-07-24,0.2833333333333333
2024-07-25,0.33333333333333326
2024-07-26,0.33333333333333337
2024-07-29,0.33333333333333326
2024-07-30,0.3
2024-07-31,0.2631578947368421
2024-08-01,0.31666666666666665
2024-08-02,0.30000000000000004
2024-08-05,0.2833333333333333
2024-08-06,0.31666666666666665
2024-08-07,0.33333333333333337
2024-08-08,0.33333333333333337
2024-08-09,0.3125
2024-08-12,0.3
2024-08-13,0.3076923076923077
2024-08-14,0.2982456140350877
2024-08-15,0.3157894736842105
2024-08-16,0.33333333333333337
2024-08-19,0.3157894736842105
2024-08-20,0.3333333333333333
2024-08-21,0.3333333333333333
2024-08-22,0.3333333333333333
2024-08-23,0.27083333333333337
2024-08-26,0.3166666666666667
2024-08-27,0.2833333333333333
2024-08-28,0.26666666666666666
2024-08-29,0.30000000000000004
2024-08-30,0.2833333333333333
2024-09-03,0.3
2024-09-04,0.30000000000000004
2024-09-05,0.31666666666666665
2024-09-06,0.30000000000000004
2024-09-09,0.2666666666666667
2024-09-10,0.2666666666666667
2024-09-11,0.3333333333333333
2024-09-12,0.3
2024-09-13,0.31666666666666665
2024-09-16,0.31666666666666665
2024-09-17,0.2807017543859649
2024-09-18,0.3166666666666667
2024-09-19,0.2833333333333333
2024-09-20,0.29999999999999993
2024-09-23,0.3333333333333333
2024-09-24,0.30000000000000004
2024-09-25,0.30000000000000004
2024-09-26,0.31666666666666665
2024-09-27,0.33333333333333337
2024-09-30,0.31666666666666665
2024-10-01,0.33333333333333337
2024-10-02,0.31666666666666665
2024-10-03,0.3
2024-10-04,0.30000000000000004
2024-10-07,0.2833333333333333
2024-10-08,0.30000000000000004
2024-10-09,0.30000000000000004
2024-10-10,0.30000000000000004
2024-10-11,0.33333333333333337
2024-10-14,0.3
2024-10-15,0.30000000000000004
2024-10-16,0.33333333333333337
2024-10-17,0.2708333333333333
2024-10-18,0.26666666666666666
2024-10-21,0.30000000000000004
2024-10-22,0.3333333333333333
2024-10-23,0.3333333333333333
2024-10-24,0.33333333333333337
2024-10-25,0.26666666666666666
2024-10-28,0.31666666666666665
2024-10-29,0.2833333333333333
2024-10-30,0.33333333333333337
2024-10-31,0.31666666666666665
2024-11-01,0.3166666666666667
2024-11-04,0.33333333333333337
2024-11-05,0.33333333333333337
2024-11-06,0.3166666666666667
2024-11-07,0.3166666666666667
2024-11-08,0.2941176470588236
2024-11-11,0.3
2024-11-12,0.30000000000000004
2024-11-13,0.30000000000000004
2024-11-14,0.3333333333333333
2024-11-15,0.26666666666666666
2024-11-18,0.33333333333333337
2024-11-19,0.31666666666666665
2024-11-20,0.3333333333333333
2024-11-21,0.31666666666666665
2024-11-22,0.3333333333333333
2024-11-25,0.33333333333333337
2024-11-26,0.31666666666666665
2024-11-27,0.31666666666666665
2024-11-29,0.30000000000000004
2024-12-02,0.31666666666666665
2024-12-03,0.3166666666666667
2024-12-04,0.3166666666666667
2024-12-05,0.31666666666666665
2024-12-06,0.3333333333333333
2024-12-09,0.31666666666666665
2024-12-10,0.31666666666666665
2024-12-11,0.23333333333333334
2024-12-12,0.3166666666666667
2024-12-13,0.2833333333333333
2024-12-16,0.30000000000000004
2024-12-17,0.2833333333333333
2024-12-18,0.25
2024-12-19,0.25
2024-12-20,0.33333333333333337
2024-12-23,0.3333333333333333
2024-12-24,0.33333333333333337
2024-12-26,0.33333333333333337
2024-12-27,0.3333333333333333
2024-12-30,0.33333333333333337
2024-12-31,0.3333333333333333
2025-01-02,0.30000000000000004
2025-01-03,0.29999999999999993
2025-01-06,0.33333333333333337
2025-01-07,0.31666666666666665
2025-01-08,0.2833333333333333
2025-01-10,0.33333333333333337
2025-01-13,0.2666666666666666
2025-01-14,0.2833333333333333
2025-01-15,0.3333333333333333
2025-01-16,0.3
2025-01-17,0.2982456140350877
2025-01-21,0.29411764705882354
2025-01-22,0.31666666666666665
2025-01-23,0.2982456140350877
2025-01-24,0.22222222222222224
2025-01-27,0.33333333333333337
2025-01-28,0.26666666666666666
2025-01-29,0.3148148148148148
2025-01-30,0.3166666666666667
2025-01-31,0.25
2025-02-03,0.26666666666666666
2025-02-04,0.26666666666666666
2025-02-05,0.30000000000000004
2025-02-06,0.31666666666666665
2025-02-07,0.26666666666666666
2025-02-10,0.30000000000000004
2025-02-11,0.30000000000000004
2025-02-12,0.30000000000000004
2025-02-13,0.31666666666666676
2025-02-14,0.33333333333333337
2025-02-18,0.31666666666666665
2025-02-19,0.3
2025-02-20,0.3166666666666667
2025-02-21,0.3
2025-02-24,0.2833333333333333
2025-02-25,0.33333333333333337
2025-02-26,0.31666666666666665
2025-02-27,0.30000000000000004
2025-02-28,0.3
2025-03-03,0.33333333333333337
2025-03-04,0.3333333333333333
2025-03-05,0.31666666666666665
2025-03-06,0.2833333333333334
2025-03-07,0.30000000000000004
2025-03-10,0.2833333333333333
2025-03-11,0.2833333333333333
2025-03-12,0.33333333333333337
2025-03-13,0.3333333333333333
2025-03-14,0.3166666666666667
2025-03-17,0.33333333333333326
2025-03-18,0.3
2025-03-19,0.2888888888888889
2025-03-20,0.33333333333333337
2025-03-21,0.33333333333333337
2025-03-24,0.25
2025-03-25,0.31666666666666665
2025-03-26,0.26666666666666666
2025-03-27,0.3166666666666667
2025-03-28,0.33333333333333337
2025-03-31,0.2833333333333333
2025-04-01,0.2833333333333333
2025-04-02,0.33333333333333337
2025-04-03,0.2833333333333333
2025-04-04,0.2833333333333333
2025-04-07,0.2833333333333333
2025-04-08,0.30000000000000004
2025-04-09,0.33333333333333337
2025-04-10,0.33333333333333337
2025-04-11,0.33333333333333337
2025-04-14,0.33333333333333337
2025-04-15,0.33333333333333326
2025-04-16,0.33333333333333337
2025-04-17,0.33333333333333337
2025-04-21,0.3166666666666667
2025-04-22,0.33333333333333337
2025-04-23,0.33333333333333337
2025-04-24,0.33333333333333326
2025-04-25,0.33333333333333337
2025-04-28,0.33333333333333337
2025-04-29,0.3333333333333333
2025-04-30,0.33333333333333337
2025-05-01,0.31666666666666665
2025-05-02,0.2619047619047619
2025-05-05,0.2833333333333333
2025-05-06,0.31666666666666665
2025-05-07,0.3166666666666667
2025-05-08,0.30000000000000004
2025-05-09,0.31666666666666665
2025-05-12,0.3000000000000001
2025-05-13,0.25
2025-05-14,0.2666666666666667
2025-05-15,0.3333333333333333
2025-05-16,0.33333333333333337
2025-05-19,0.33333333333333337
2025-05-20,0.33333333333333337
2025-05-21,0.3
2025-05-22,0.30000000000000004
2025-05-23,0.31666666666666665
2025-05-27,0.3333333333333333
2025-05-28,0.2833333333333333
2025-05-29,0.31666666666666665
2025-05-30,0.29824561403508776
2025-06-02,0.31666666666666676
2025-06-03,0.33333333333333337
2025-06-04,0.3333333333333333
2025-06-05,0.31666666666666676
2025-06-06,0.27450980392156865
2025-06-09,0.23333333333333334
2025-06-10,0.3
2025-06-11,0.2833333333333334
2025-06-12,0.31666666666666676
2025-06-13,0.3333333333333333
2025-06-16,0.26666666666666666
2025-06-17,0.2833333333333334
2025-06-18,0.2833333333333333
2025-06-20,0.2833333333333333
2025-06-23,0.3333333333333333
2025-06-24,0.3333333333333334
2025-06-25,0.31666666666666665
2025-06-26,0.28333333333333327
2025-06-27,0.29999999999999993
2025-06-30,0.26666666666666666
2025-07-01,0.3
2025-07-02,0.3333333333333333
2025-07-03,0.3125
2025-07-07,0.26666666666666666
2025-07-08,0.30000000000000004
2025-07-09,0.30000000000000004
2025-07-10,0.2833333333333333
2025-07-11,0.3
2025-07-14,0.2833333333333333
2025-07-15,0.31666666666666676
2025-07-16,0.3333333333333333
2025-07-17,0.2166666666666667
2025-07-18,0.31666666666666665
2025-07-21,0.26666666666666666
2025-07-22,0.28333333333333344
2025-07-23,0.2833333333333333
2025-07-24,0.2666666666666667
2025-07-25,0.33333333333333337
2025-07-28,0.30000000000000004
2025-07-29,0.3166666666666667
2025-07-30,0.3166666666666667
2025-07-31,0.30000000000000004
2025-08-01,0.30000000000000004
2025-08-04,0.29999999999999993
2025-08-05,0.2833333333333333
2025-08-06,0.31666666666666665
2025-08-07,0.2666666666666666
2025-08-08,0.30000000000000004
2025-08-11,0.2833333333333333
2025-08-12,0.3166666666666667
2025-08-13,0.2833333333333333
2025-08-14,0.3333333333333333
2025-08-15,0.30000000000000004
2025-08-18,0.2666666666666667
2025-08-19,0.3
2025-08-20,0.30000000000000004
2025-08-21,0.33333333333333337
2025-08-22,0.33333333333333337
2025-08-25,0.3333333333333333
2025-08-26,0.3333333333333333
2025-08-27,0.288888888888889
2025-08-28,0.28333333333333344
2025-08-29,0.30000000000000004
2025-09-02,0.31666666666666665
2025-09-03,0.30000000000000004
2025-09-04,0.2666666666666667
2025-09-05,0.31666666666666665
2025-09-08,0.33333333333333337
2025-09-09,0.2666666666666667
2025-09-10,0.33333333333333337
2025-09-11,0.31666666666666676
2025-09-12,0.3
2025-09-15,0.30000000000000004
2025-09-16,0.28333333333333344
2025-09-17,0.3
2025-09-18,0.2833333333333333
2025-09-19,0.33333333333333337
2025-09-22,0.2833333333333333
2025-09-23,0.3
2025-09-24,0.2833333333333334
2025-09-25,0.3166666666666667
2025-09-26,0.3
2025-09-29,0.2833333333333334
2025-09-30,0.3166666666666667
2025-10-01,0.2833333333333333
2025-10-02,0.2833333333333334
2025-10-03,0.3
2025-10-06,0.26666666666666666
2025-10-07,0.3166666666666667
2025-10-08,0.31666666666666665
2025-10-09,0.31666666666666665
2025-10-10,0.33333333333333337
2025-10-13,0.3166666666666667
2025-10-14,0.3333333333333333
2025-10-15,0.31666666666666665
2025-10-16,0.31666666666666665
2025-10-17,0.2833333333333333
2025-10-20,0.33333333333333337
2025-10-21,0.33333333333333337
2025-10-22,0.3166666666666667
2025-10-23,0.33333333333333337
2025-10-24,0.28333333333333327
2025-10-27,0.33333333333333326
2025-10-28,0.33333333333333337
2025-10-29,0.3
2025-10-30,0.33333333333333337
2025-10-31,0.30000000000000004
2025-11-03,0.30000000000000004
2025-11-04,0.30000000000000004
2025-11-05,0.2833333333333334
2025-11-06,0.33333333333333337
2025-11-07,0.2833333333333333
2025-11-10,0.33333333333333337
2025-11-11,0.31666666666666665
